"ID_lambea","Familia","Variante","Categoría_web","Nombre_completo","SKU_propuesto","Descripción_corta","Precio_desde_EUR","Precio_hasta_EUR","Formatos","Valoración","Num_valoraciones","Código_toxicología","Instrucciones_uso","Usos_principales","Aplicaciones","Promo_3x2","URL_web_oficial","Carpeta_local","Carpeta_existe","Ficha_producto_md","PDF_ficha_técnica","Num_imágenes_local","Envío_península","Envío_baleares","Bestseller","Notas","WC_ID","WC_Nombre","WC_Publicado","WC_Tipo","WC_Categorias_WC","WC_Precio_desde","WC_Precio_hasta","WC_Formatos_Precios","WC_Imagenes_URLs","WC_PDF_FichaTecnica","WC_PDF_Seguridad_ES","WC_Cod_Toxicologia","Estado_Cruce"
"antideslilam-nautico","ANTIDESLILAM","nautico","Náutico","ANTIDESLILAM NÁUTICO","LAM-ANTI-NAU","Antideslizante para superficies deslizantes. Barniz especial.","20.5","41.0","400 ml","","","","","Evitar resbalones; Acabado de seguridad en superficies","nautico; caravaning; industrial","Sí","https://grupolambea.com/producto/antideslizante-nautico-antideslizante-para-superficies-deslizantes-formula-especial-nautica-400-ml/","01-limpieza-barcos/12-antideslizante-nautico","Sí","Sí","Sí","4","Gratis","~€4","No","","15761","ANTIDESLIZANTE NÁUTICO - Antideslizante Para Superficies Deslizantes - Fórmula Especial Náutica - Disponible En 400 ml","1","variable","PRODUCTOS NÁUTICOS > Antideslizante náutico, PRODUCTOS NÁUTICOS","","","","https://grupolambea.com/wp-content/uploads/2021/09/31TV17qh64L.jpg, https://grupolambea.com/wp-content/uploads/2021/09/Caiguda.png, https://grupolambea.com/wp-content/uploads/2021/09/47035212-senior-empresario-hispano-cayendo-sobre-las-escaleras.jpg, https://grupolambea.com/wp-content/uploads/2021/09/SlipTripFall750.jpg","https://grupolambea.com/wp-content/uploads/2025/03/FICHA-TECNICA-ANTIDESLIZANTE-NAUTICA.pdf","","DRP19-0005579","COINCIDE_PUBLICADO"
"antideslilam-caravaning","ANTIDESLILAM","caravaning","Caravaning","ANTIDESLILAM CARAVANING","LAM-ANTI-CAR","Antideslizante para superficies deslizantes. Barniz especial.","20.5","41.0","400 ml","","","","","Evitar resbalones; Acabado de seguridad en superficies","nautico; caravaning; industrial","Sí","https://grupolambea.com/producto/antideslilam-caravaning-antideslizante-para-superficies-deslizantes-formula-especial-caravana-400-ml/","02-limpieza-caravanas/11-antideslizante-caravaning","Sí","Sí","Sí","4","Gratis","~€4","No","","15656","ANTIDESLIZANTE CARAVANING - Antideslizante Para Superficies Deslizantes - Fórmula Especial Caravana - 400 ml","1","variable","PRODUCTOS CARAVANING > Antideslizante caravaning, PRODUCTOS CARAVANING","","","","https://grupolambea.com/wp-content/uploads/2021/09/31TV17qh64L.jpg, https://grupolambea.com/wp-content/uploads/2021/09/Caiguda.png, https://grupolambea.com/wp-content/uploads/2021/09/SlipTripFall750.jpg, https://grupolambea.com/wp-content/uploads/2021/09/47035212-senior-empresario-hispano-cayendo-sobre-las-escaleras.jpg","https://grupolambea.com/wp-content/uploads/2025/03/FICHA-TECNICA-ANTIDESLIZANTE-CARAVANING.pdf","","DRP19-0005579","COINCIDE_PUBLICADO"
"antideslilam-generico","ANTIDESLILAM","generico","Genérico","ANTIDESLILAM GENÉRICO","LAM-ANTI-GEN","Antideslizante para superficies deslizantes. Barniz especial.","20.5","41.0","400 ml","","","","","Evitar resbalones; Acabado de seguridad en superficies","nautico; caravaning; industrial","Sí","https://grupolambea.com/producto/antideslilam-antideslizante-para-superficies-deslizantes-400-ml-barniz/","03-industriales/11-antideslizante-industrial","Sí","Sí","Sí","4","Gratis","~€4","No","URL genérica — puede cubrir varias categorías","15747","ANTIDESLIZANTE - Antideslizante Para Todo Tipo de Superficies Deslizantes - Disponible En 400 ml","1","variable","PRODUCTOS INDUSTRIALES > Antideslizante industrial, PRODUCTOS INDUSTRIALES","","","","https://grupolambea.com/wp-content/uploads/2021/09/31TV17qh64L.jpg, https://grupolambea.com/wp-content/uploads/2021/09/Caiguda.png, https://grupolambea.com/wp-content/uploads/2021/09/SlipTripFall750.jpg, https://grupolambea.com/wp-content/uploads/2021/09/47035212-senior-empresario-hispano-cayendo-sobre-las-escaleras.jpg","https://grupolambea.com/wp-content/uploads/2025/03/FICHA-TECNICA-ANTIDESLIZANTE-INDUSTRIAL.pdf","","DRP19-0005579","COINCIDE_PUBLICADO"
"decalam-nautico","DECALAM","nautico","Náutico","DECALAM NÁUTICO","LAM-DEC-NAU","Decapante en gel para soldaduras en acero inoxidable","33.4","66.8","1 kg","","","","","Limpieza de soldaduras inox; Eliminación oxidación por calor","nautico; industrial","Sí","https://grupolambea.com/producto/decalam-nautico-decapante-gel-para-soldaduras-en-acero-inoxidables-1-kg/","01-limpieza-barcos/08-decalam-nautico","Sí","Sí","Sí","3","Gratis","~€4","No","","15675","DECALAM NÁUTICO - Decapante en Gel de Alta Concentración para Limpieza Rápida y Eficaz de Soldaduras en Acero Inoxidable en Ambientes Náuticos - 1 Kg","1","variable","PRODUCTOS NÁUTICOS > Decapante náutico, Más vendidos, PRODUCTOS NÁUTICOS","","","","https://grupolambea.com/wp-content/uploads/2021/09/WhatsApp-Image-2018-07-27-at-17.54.36-1-2-e1689265918205.jpg, https://grupolambea.com/wp-content/uploads/2021/09/soldadura.png","https://grupolambea.com/wp-content/uploads/2025/03/FICHA-TECNICA-DECALAM-NAUTICA.pdf","","En proceso de gestión. Pida más info por mail","COINCIDE_PUBLICADO"
"decalam-generico","DECALAM","generico","Genérico","DECALAM GENÉRICO","LAM-DEC-GEN","Decapante en gel para soldaduras en acero inoxidable","33.4","66.8","1 kg","","","","","Limpieza de soldaduras inox; Eliminación oxidación por calor","nautico; industrial","Sí","https://grupolambea.com/producto/decalam-decapante-gel-para-soldaduras-en-acero-inoxidables-1kg-concentrado/","03-industriales/07-decalam-industrial","Sí","Sí","Sí","2","Gratis","~€4","No","URL genérica — puede cubrir varias categorías","15665","DECALAM - Decapante en Gel de Acción Rápida para Limpieza y Decapado de Soldaduras en Acero Inoxidable, Facilidad de Uso y Eliminación - 1Kg","1","simple","PRODUCTOS INDUSTRIALES > Decapantes, PRODUCTOS INDUSTRIALES","33.40","33.40","","https://grupolambea.com/wp-content/uploads/2021/09/71vIas0I7NL._AC_SL1500_-1-e1689265796364.jpg, https://grupolambea.com/wp-content/uploads/2021/09/soldadura.png","https://grupolambea.com/wp-content/uploads/2025/03/FICHA-TECNICA-DECALAM.pdf","","En proceso de gestión. Pida más info por mail","COINCIDE_PUBLICADO"
"desoxilam-nautico","DESOXILAM","nautico","Náutico","DESOXILAM NÁUTICO","LAM-DESOXI-NAU","Desoxidante enérgico concentrado con efecto pasivante","7.5","391.0","125 ml | 250 ml | 500 ml | 1 L | 5 L | 25 L","5.0","7","180025/LAM","Aplicar puro o diluido (1:4 con agua). Dejar actuar 1-3 minutos y aclarar. No dejar secar.","Eliminar óxido; Eliminar cal; Eliminar incrustaciones; Desoxidación de metales","nautico; caravaning; industrial","Sí","https://grupolambea.com/producto/desoxilam-nautico-desoxidante-energico-con-efecto-pasivante-no-efecta-a-plasticos-pintura-y-otras-instalaciones-1-litro-desincrustante-barco/","01-limpieza-barcos/03-desoxilam-nautico","Sí","Sí","Sí","6","Gratis","~€4","Sí","","15670","DESOXILAM NÁUTICO - Desoxidante Enérgico Concentrado Con Efecto Pasivante - No Afecta a Plásticos, Pintura y Otras Instalaciones - Disponible en 125ML, 250ML, 500ML, 1L, 5L, 25L","1","variable","PRODUCTOS NÁUTICOS > Desoxidantes Náuticos, PRODUCTOS NÁUTICOS","","","","https://grupolambea.com/wp-content/uploads/2021/09/20200202_211016.webp, https://grupolambea.com/wp-content/uploads/2021/09/desoxilam-nautico-125.jpg, https://grupolambea.com/wp-content/uploads/2021/09/desoxilam-nautico-250.jpg, https://grupolambea.com/wp-content/uploads/2021/09/desoxilam-nautico-500.jpg, https://grupolambea.com/wp-content/uploads/2021/09/DESOXIDANTE-NAUTICO-ult.jpg, https://grupolambea.com/wp-content/uploads/2021/09/DESOXIDANTE-NAUTICO-25L-ult.jpg, https://grupolambea.com/wp-content/uploads/2021/09/BARRA1.png, https://grupolambea.com/wp-content/uploads/2021/09/SADIRA-NOVEDADES-VERANO-2018-3-1.jpg, https://grupolambea.com/wp-content/uploads/2021/09/IMG-20210602-WA0020.jpg","https://grupolambea.com/wp-content/uploads/2025/03/FICHA-TECNICA-DESOXILAM-NAUTICA.pdf","","180025/LAM","COINCIDE_PUBLICADO"
"desoxilam-caravaning","DESOXILAM","caravaning","Caravaning","DESOXILAM CARAVANING","LAM-DESOXI-CAR","Desoxidante enérgico concentrado con efecto pasivante","7.5","391.0","125 ml | 250 ml | 500 ml | 1 L | 5 L | 25 L","5.0","7","180025/LAM","Aplicar puro o diluido (1:4 con agua). Dejar actuar 1-3 minutos y aclarar. No dejar secar.","Eliminar óxido; Eliminar cal; Eliminar incrustaciones; Desoxidación de metales","nautico; caravaning; industrial","Sí","https://grupolambea.com/producto/desoxilam-caravaning-desoxidante-energico-con-efecto-pasivante-no-efecta-a-plasticos-pintura-y-otras-instalaciones-1-litro-desincrustante-caravana/","02-limpieza-caravanas/03-desoxilam-caravaning","Sí","Sí","Sí","11","Gratis","~€4","Sí","","15648","DESOXILAM CARAVANING - Desoxidante Enérgico con Efecto Pasivante - No Afecta a Plásticos, Pintura y Otras Instalaciones - Disponible en 125ML, 250ML, 500ML, 1L, 5L, 25L","1","variable","PRODUCTOS CARAVANING > Desoxidantes caravaning, PRODUCTOS CARAVANING","","","","https://grupolambea.com/wp-content/uploads/2021/09/20200202_133259.jpg, https://grupolambea.com/wp-content/uploads/2021/09/Desoxilam-caravaning-125ml-v2.jpg, https://grupolambea.com/wp-content/uploads/2021/09/Desoxilam-caravaning-250ml-v3.jpg, https://grupolambea.com/wp-content/uploads/2021/09/Desoxilam-caravaning-500ml-v2.jpg, https://grupolambea.com/wp-content/uploads/2021/09/DESOXIDANTE-CARAVANING-5L-ult.jpg, https://grupolambea.com/wp-content/uploads/2021/09/DESOXIDANTE-CARAVANING-25-ult.jpg, https://grupolambea.com/wp-content/uploads/2021/09/RUEDA1.jpg, https://grupolambea.com/wp-content/uploads/2021/09/BARRA1.png, https://grupolambea.com/wp-content/uploads/2021/09/ruedalambea-1-1.jpg, https://grupolambea.com/wp-content/uploads/2021/09/SADIRA-NOVEDADES-VERANO-2018-3-1.jpg, https://grupolambea.com/wp-content/uploads/2021/09/9e1ab1f6-ceea-49ac-96fd-64ef126f8ac6-1.jpg","https://grupolambea.com/wp-content/uploads/2025/03/FICHA-TECNICA-DESOXILAM-CARAVANING.pdf","","180025/LAM","COINCIDE_PUBLICADO"
"desoxilam-generico","DESOXILAM","generico","Genérico","DESOXILAM GENÉRICO","LAM-DESOXI-GEN","Desoxidante enérgico concentrado con efecto pasivante","7.5","391.0","125 ml | 250 ml | 500 ml | 1 L | 5 L | 25 L","5.0","7","180025/LAM","Aplicar puro o diluido (1:4 con agua). Dejar actuar 1-3 minutos y aclarar. No dejar secar.","Eliminar óxido; Eliminar cal; Eliminar incrustaciones; Desoxidación de metales","nautico; caravaning; industrial","Sí","https://grupolambea.com/producto/desoxilam-desoxidante-energico-con-efecto-pasivante-no-efecta-a-plasticos-pintura-y-otras-instalaciones-1-litro-desincrustante-concentrado/","03-industriales/03-desoxilam-industrial","Sí","Sí","Sí","12","Gratis","~€4","Sí","URL genérica — puede cubrir varias categorías","15666","DESOXILAM - Desoxidante Enérgico Concentrado con Efecto Pasivante - No Afecta a Plásticos, Pintura y Otras Instalaciones - Disponible en 125ML, 250ML, 500ML, 1L, 5L, 25L","1","variable","PRODUCTOS INDUSTRIALES > Desoxidante industrial, Más vendidos, PRODUCTOS INDUSTRIALES","","","","https://grupolambea.com/wp-content/uploads/2021/09/71X25RzfZuL._AC_SL1500_-e1689784561850.jpg, https://grupolambea.com/wp-content/uploads/2021/09/Desoxilam-industrial-125ml.jpg, https://grupolambea.com/wp-content/uploads/2021/09/Desoxilam-industrial-250ml.jpg, https://grupolambea.com/wp-content/uploads/2022/11/DESOXILAM-INDUSTRIAL-500-ML.jpg, https://grupolambea.com/wp-content/uploads/2021/09/DESOXIDANTE-INDUSTRIAL-5L-ult.jpg, https://grupolambea.com/wp-content/uploads/2021/09/DESOXIDANTE-INDUSTRIAL-25L-ult.jpg, https://grupolambea.com/wp-content/uploads/2021/09/BARRA1.png, https://grupolambea.com/wp-content/uploads/2021/09/ruedalambea-1-1.jpg, https://grupolambea.com/wp-content/uploads/2021/09/RUEDA1.jpg, https://grupolambea.com/wp-content/uploads/2021/09/9e1ab1f6-ceea-49ac-96fd-64ef126f8ac6-1.jpg, https://grupolambea.com/wp-content/uploads/2021/09/IMG-20210602-WA0020.jpg, https://grupolambea.com/wp-content/uploads/2021/09/SADIRA-NOVEDADES-VERANO-2018-3-1.jpg","https://grupolambea.com/wp-content/uploads/2025/03/FICHA-TECNICA-DESOXILAM-INDUSTRIAL.pdf","","180025/LAM","COINCIDE_PUBLICADO"
"fibralam-nautico","FIBRALAM","nautico","Náutico","FIBRALAM NÁUTICO","LAM-FIB-NAU","Limpiador y blanqueador 2 en 1 para fibra de vidrio y gelcoat","17.5","371.87","1 L | 5 L | 25 L","5.0","1","170177/LAM","Diluir 1:7 (o 1:4 en superficies muy sucias). Aplicar con fregona, cepillo o manopla. Esperar 15 min y aclarar.","Limpieza cascos barcos; Blanqueado gelcoat; Limpieza cubiertas","nautico; caravaning","Sí","https://grupolambea.com/producto/fibralam-nautico-limpiador-y-blanqueador-2-en-1-para-fibra-de-vidrio-y-gelcoat-especial-cascos-de-barcos-1-litro-barco/","01-limpieza-barcos/04-fibralam-nautico","Sí","Sí","Sí","4","Gratis","~€4","No","","15676","FIBRALAM NÁUTICO - Limpiador y Blanqueador 2 en 1 Concentrado para Fibra de Vidrio y Gelcoat - Especial Cascos de Barcos – Disponible en 1 Litro, 5 Litros, 25 Litros","1","variable","PRODUCTOS NÁUTICOS > Limpiadores fibra náuticos, Más vendidos, PRODUCTOS NÁUTICOS","","","","https://grupolambea.com/wp-content/uploads/2021/09/20200202_211157.jpg, https://grupolambea.com/wp-content/uploads/2021/09/FIBRALAM-NAUTICO-5L-ult.jpg, https://grupolambea.com/wp-content/uploads/2021/09/FIBRALAM-NAUTICO-25L-ult.jpg, https://grupolambea.com/wp-content/uploads/2021/09/SADIRA-NOVEDADES-VERANO-2018-3-1.jpg","https://grupolambea.com/wp-content/uploads/2025/03/FICHA-TECNICA-FIBRALAM-NAUTICA.pdf","","170177/LAM","COINCIDE_PUBLICADO"
"fibralam-caravaning","FIBRALAM","caravaning","Caravaning","FIBRALAM CARAVANING","LAM-FIB-CAR","Limpiador y blanqueador 2 en 1 para fibra de vidrio y gelcoat","17.5","371.87","1 L | 5 L | 25 L","5.0","1","170177/LAM","Diluir 1:7 (o 1:4 en superficies muy sucias). Aplicar con fregona, cepillo o manopla. Esperar 15 min y aclarar.","Limpieza cascos barcos; Blanqueado gelcoat; Limpieza cubiertas","nautico; caravaning","Sí","https://grupolambea.com/producto/fibralam-caravaning-limpiador-y-blanqueador-2-en-1-para-fibra-de-vidro-gelcoat-1-litro-caravana/","02-limpieza-caravanas/04-fibralam-caravaning","Sí","Sí","Sí","0","Gratis","~€4","No","","15652","FIBRALAM CARAVANING - Limpiador y Blanqueador 2 en 1 para Fibra de Vidrio y Gelcoat – Disponible en 1 Litro, 5 Litros, 25 Litros","1","variable","PRODUCTOS CARAVANING > Limpiadores fibra caravaning, PRODUCTOS CARAVANING","","","","https://grupolambea.com/wp-content/uploads/2021/09/20200202_133555.jpg, https://grupolambea.com/wp-content/uploads/2021/09/FIBRALAM-5L-CARAVANING-LAST.jpg, https://grupolambea.com/wp-content/uploads/2021/09/FIBRALAM-25L-CARAVANING-ult.jpg, https://grupolambea.com/wp-content/uploads/2021/09/Autocaravana-bruta-2.jpg","https://grupolambea.com/wp-content/uploads/2025/03/FICHA-TECNICA-FIBRALAM-CARAVANING.pdf","","170177/LAM","COINCIDE_PUBLICADO"
"fosslam-nautico","FOSSLAM","nautico","Náutico","FOSSLAM NÁUTICO","LAM-FOSS-NAU","Limpiador de inodoros químicos y WC portátiles 4 en 1","29.0","688.75","1 L | 5 L | 25 L","5.0","2","","Añadir 50-100 ml por cada 10 litros de capacidad del depósito. Verter 2 litros de agua en el depósito.","Inodoros químicos; WC portátiles; Fosas sépticas; Eliminación de olores","nautico; caravaning; industrial","Sí","https://grupolambea.com/producto/fosslam-nautico-limpiador-de-inodoros-quimicos-y-vater-wc-portatiles-4-en-1-1-litro-concentrado-especial-nautica-concentrado/","01-limpieza-barcos/10-fosslam-nautico","Sí","Sí","Sí","7","Gratis","~€4","No","","15669","FOSSLAM NÁUTICO – Limpiador Concentrado de Inodoros Químicos y Váter/WC Portátiles 4 en 1 – 1 Litro Concentrado - Especial Náutica - Disponible en 1 Litro, 5 Litros, 25 Litros","1","variable","PRODUCTOS NÁUTICOS > Desodorizantes Náuticos, PRODUCTOS NÁUTICOS > Limpiador inodoros náutico, Más vendidos, PRODUCTOS NÁUTICOS","","","","https://grupolambea.com/wp-content/uploads/2021/09/20200202_211315.jpg, https://grupolambea.com/wp-content/uploads/2021/09/FOSSLAM-NAUTICO-5L-ult.jpg, https://grupolambea.com/wp-content/uploads/2021/09/FOSSLAM-NAUTICO-25L-LAST-2.jpg, https://grupolambea.com/wp-content/uploads/2021/09/inodoro-manual-nuova-rade-.jpg, https://grupolambea.com/wp-content/uploads/2021/09/z_l11867.jpg, https://grupolambea.com/wp-content/uploads/2021/09/31IvKRQTwL.jpg, https://grupolambea.com/wp-content/uploads/2021/09/wc-quimico.jpg","https://grupolambea.com/wp-content/uploads/2025/03/FICHA-TECNICA-FOSSLAM-NAUTICA.pdf","","1600251/LAM","COINCIDE_PUBLICADO"
"fosslam-caravaning","FOSSLAM","caravaning","Caravaning","FOSSLAM CARAVANING","LAM-FOSS-CAR","Limpiador de inodoros químicos y WC portátiles 4 en 1","29.0","688.75","1 L | 5 L | 25 L","5.0","2","","Añadir 50-100 ml por cada 10 litros de capacidad del depósito. Verter 2 litros de agua en el depósito.","Inodoros químicos; WC portátiles; Fosas sépticas; Eliminación de olores","nautico; caravaning; industrial","Sí","https://grupolambea.com/producto/fosslam-caravaning-limpiador-de-inodoros-quimicos-y-vater-wc-portatiles-4-en-1-1-litro-concentrado/","02-limpieza-caravanas/09-fosslam-caravaning","Sí","Sí","Sí","7","Gratis","~€4","No","","15653","FOSSLAM CARAVANING – Limpiador Concentrado de Inodoros Químicos y Váter/WC Portátiles 4 en 1 – Disponible en 1 Litro, 5 Litros, 25 Litros","1","variable","PRODUCTOS CARAVANING > Desodorizantes caravaning, PRODUCTOS CARAVANING","","","","https://grupolambea.com/wp-content/uploads/2021/09/71av2HsCN7L._AC_SL1500_-1.jpg, https://grupolambea.com/wp-content/uploads/2021/09/FOSSLAM-CARAVANIG-5L-ult-1.jpg, https://grupolambea.com/wp-content/uploads/2021/09/FOSSLAM-CARAVANIG-25L-ult.jpg, https://grupolambea.com/wp-content/uploads/2021/09/z_l11867.jpg, https://grupolambea.com/wp-content/uploads/2021/09/31IvKRQTwL.jpg, https://grupolambea.com/wp-content/uploads/2021/09/wc-quimico.jpg, https://grupolambea.com/wp-content/uploads/2021/09/inodoro-manual-nuova-rade-.jpg","https://grupolambea.com/wp-content/uploads/2025/03/FICHA-TECNICA-FOSSLAM-CARAVANING.pdf","","1600251/LAM","COINCIDE_PUBLICADO"
"fosslam-generico","FOSSLAM","generico","Genérico","FOSSLAM GENÉRICO","LAM-FOSS-GEN","Limpiador de inodoros químicos y WC portátiles 4 en 1","29.0","688.75","1 L | 5 L | 25 L","5.0","2","","Añadir 50-100 ml por cada 10 litros de capacidad del depósito. Verter 2 litros de agua en el depósito.","Inodoros químicos; WC portátiles; Fosas sépticas; Eliminación de olores","nautico; caravaning; industrial","Sí","https://grupolambea.com/producto/fosslam-limpiador-de-inodoros-quimicos-y-vater-wc-portatiles-4-en-1-1-litro-concentrado/","03-industriales/09-fosslam-industrial","Sí","Sí","Sí","8","Gratis","~€4","No","URL genérica — puede cubrir varias categorías","15664","FOSSLAM – Limpiador Concentrado de Inodoros Químicos y Váter/WC Portátiles 4 en 1 – Disponible en 1 Litro, 5 Litros, 25 Litros","1","variable","PRODUCTOS INDUSTRIALES > Desodorizante industrial, PRODUCTOS INDUSTRIALES","","","","https://grupolambea.com/wp-content/uploads/2021/09/71QnNy4dufL._AC_SL1500_.jpg, https://grupolambea.com/wp-content/uploads/2021/09/FOSLAM-5L-Industrial-ult.jpg, https://grupolambea.com/wp-content/uploads/2021/09/FOSLAM-25L-Industrial-ult.jpg, https://grupolambea.com/wp-content/uploads/2021/09/wc-portatil-para-eventos-obras-dacame.jpg, https://grupolambea.com/wp-content/uploads/2021/09/z_l11867.jpg, https://grupolambea.com/wp-content/uploads/2021/09/wc-quimico.jpg, https://grupolambea.com/wp-content/uploads/2021/09/inodoro-manual-nuova-rade-.jpg, https://grupolambea.com/wp-content/uploads/2021/09/31IvKRQTwL.jpg","https://grupolambea.com/wp-content/uploads/2025/03/FICHA-TECNICA-FOSSLAM-INDUSTRIAL.pdf","","1600251/LAM","COINCIDE_PUBLICADO"
"gelcoatlam-fase-1-nautico","GELCOATLAM","fase_1/nautico","Náutico","GELCOATLAM FASE 1 NÁUTICO","LAM-GEL-F1-NAU","Pasta de pulir de alto corte para fibra de vidrio y gelcoat","30.0","60.0","1 kg","5.0","2","","Lijar superficie con lija 2000/2500/3000. Agitar el producto. Aplicar con disco recomendado. Seguir con Gelcoatlam Fase 2.","Pulido fibra vidrio; Restauración gelcoat; Alto corte","nautico; caravaning","Sí","https://grupolambea.com/producto/gelcoatlam-fase-1-pasta-de-pulir-pulimento-de-fibra-de-vidro-gelcoat-de-alto-corte-limpiador-blanqueador-para-fibra-de-vidrio-y-gelcoat-especial-nautico-1-kg/","01-limpieza-barcos/17-gelcoatlam-fase-1","Sí","Sí","Sí","4","Gratis","~€4","No","Fórmula válida también Caravaning","15764","GELCOATLAM FASE 1 - Pasta de Pulir - Pulimento de Fibra de vidrio (Gelcoat) de Alto Corte - Limpiador/Blanqueador para Fibra de Vidrio y Gelcoat – Especial Náutico - Disponible En 1 KG","1","variable","PRODUCTOS NÁUTICOS > Gelcoat náutico, PRODUCTOS NÁUTICOS","","","","https://grupolambea.com/wp-content/uploads/2021/09/20200202_210314.jpg, https://grupolambea.com/wp-content/uploads/2021/09/GELCOATLAM-NAUTICO.jpg, https://grupolambea.com/wp-content/uploads/2021/09/1.png, https://grupolambea.com/wp-content/uploads/2021/09/2.png","https://grupolambea.com/wp-content/uploads/2025/03/FICHA-TECNICA-GELCOATLAM-FASE-1-NAUTICA.pdf","","En proceso de gestión. Pida más info por mail","COINCIDE_PUBLICADO"
"gelcoatlam-fase-1-caravaning","GELCOATLAM","fase_1/caravaning","Caravaning","GELCOATLAM FASE 1 CARAVANING","LAM-GEL-F1-CAR","Pasta de pulir de alto corte para fibra de vidrio y gelcoat","30.0","60.0","1 kg","5.0","2","","Lijar superficie con lija 2000/2500/3000. Agitar el producto. Aplicar con disco recomendado. Seguir con Gelcoatlam Fase 2.","Pulido fibra vidrio; Restauración gelcoat; Alto corte","nautico; caravaning","Sí","","02-limpieza-caravanas/15-gelcoatlam-fase-1","No","No","No","0","Gratis","~€4","No","URL no en JSON — verificar WooCommerce","15659","GELCOATLAM FASE 1 - Pasta de Pulir - Pulimento de Fibra de vidrio (Gelcoat) de Alto Corte - Limpiador/Blanqueador para Fibra de Vidrio y Gelcoat – Especial Caravaning - 1 Kg","1","variable","PRODUCTOS CARAVANING > Gelcoat caravaning, Más vendidos, PRODUCTOS CARAVANING","","","","https://grupolambea.com/wp-content/uploads/2021/09/20200202_133828.jpg, https://grupolambea.com/wp-content/uploads/2021/09/Autocaravana-bruta-2.jpg","https://grupolambea.com/wp-content/uploads/2025/03/FICHA-TECNICA-GELCOATLAM-FASE-1-CARAVANING.pdf","","En proceso de gestión. Pida más info por mail","DUPLICADO_EN_MASTER_publicado"
"gelcoatlam-fase-2-nautico","GELCOATLAM","fase_2/nautico","Náutico","GELCOATLAM FASE 2 NÁUTICO","LAM-GEL-F2-NAU","Pasta de pulir acabado superbrillo para fibra de vidrio y gelcoat","30.0","60.0","1 kg","","","","","Acabado superbrillo; Pulido final fibra vidrio","nautico","Sí","https://grupolambea.com/producto/gelcoatlam-fase-2-pasta-de-pulir-pulimento-limpiador-blanqueador-de-fibra-de-vidrio-gelcoat-acabado-super-brillo-especial-nautica-1-kg/","01-limpieza-barcos/18-gelcoatlam-fase-2","Sí","Sí","Sí","4","Gratis","~€4","No","","15763","GELCOATLAM FASE 2 - Pasta de Pulir – Pulimento Limpiador/Blanqueador de Fibra de Vidrio (Gelcoat) Acabado Súper Brillo – Especial Nautica - Disponible En 1 Kg","1","simple","PRODUCTOS NÁUTICOS > Gelcoat náutico, PRODUCTOS NÁUTICOS","30.00","30.00","","https://grupolambea.com/wp-content/uploads/2021/09/20200202_210332-1.jpg, https://grupolambea.com/wp-content/uploads/2021/09/GELCOATLAM-NAUTICO.jpg, https://grupolambea.com/wp-content/uploads/2021/09/2.png, https://grupolambea.com/wp-content/uploads/2021/09/1.png","https://grupolambea.com/wp-content/uploads/2025/03/FICHA-TECNICA-GELCOATLAM-FASE-2-NAUTICA.pdf","","En proceso de gestión. Pida más info por mail","COINCIDE_PUBLICADO"
"inyeclam_diesel-pre_itv","INYECLAM DIESEL","pre_itv","PRE-ITV","INYECLAM DIESEL PRE-ITV","LAM-INYD-PRE","Aditivo para combustible diésel. Limpiador de inyectores y sistema de alimentación.","18.0","104.0","250 ml | 1 L","5.0","5","DRP19-0005580","Añadir 250 ml por depósito (con ~15 L restantes). Repetir cada 10.000 km.","Limpieza inyectores diésel; Preparación ITV; Reducción consumo; Recuperación potencia","nautico; caravaning; industrial","Sí","https://grupolambea.com/producto/inyeclam-diesel-aditivo-para-combustible-especial-pre-itv-limpiador-de-inyectores-y-sistema-de-alimentacion-diesel/","01-limpieza-barcos/01-inyeclam-diesel","Sí","Sí","Sí","5","Gratis","~€4","Sí","Versión especial PRE-ITV","15677","INYECLAM DIESEL – Aditivo Para Combustible Limpiador de Inyectores y Sistema de Alimentación Diesel","1","variable","PRODUCTOS NÁUTICOS > Limpiadores inyectores diesel náuticos, PRODUCTOS NÁUTICOS","","","","https://grupolambea.com/wp-content/uploads/2023/07/INYECLAM-DIESEL-NAUTICO-250-ML.jpg, https://grupolambea.com/wp-content/uploads/2023/07/INYECLAM-DIESEL-250-ML-2-1.jpg, https://grupolambea.com/wp-content/uploads/2021/09/41b2rrBnxLL.jpg, https://grupolambea.com/wp-content/uploads/2021/09/Filtro-mas-sucio1.jpg, https://grupolambea.com/wp-content/uploads/2021/09/diesel.jpg","https://grupolambea.com/wp-content/uploads/2025/03/FICHA-TECNICA-INYECLAM-DIESEL-NAUTICA.pdf","","DRP19-0005580","DUPLICADO_EN_MASTER_publicado"
"inyeclam_diesel-nautico","INYECLAM DIESEL","nautico","Náutico","INYECLAM DIESEL NÁUTICO","LAM-INYD-NAU","Aditivo para combustible diésel. Limpiador de inyectores y sistema de alimentación.","18.0","104.0","250 ml | 1 L","5.0","5","DRP19-0005580","Añadir 250 ml por depósito (con ~15 L restantes). Repetir cada 10.000 km.","Limpieza inyectores diésel; Preparación ITV; Reducción consumo; Recuperación potencia","nautico; caravaning; industrial","Sí","https://grupolambea.com/producto/inyeclam-diesel-aditivo-para-combustible-limpiador-de-inyectores-y-sistema-de-alimentacion-diesel/","01-limpieza-barcos/01-inyeclam-diesel","Sí","Sí","Sí","5","Gratis","~€4","Sí","","15677","INYECLAM DIESEL – Aditivo Para Combustible Limpiador de Inyectores y Sistema de Alimentación Diesel","1","variable","PRODUCTOS NÁUTICOS > Limpiadores inyectores diesel náuticos, PRODUCTOS NÁUTICOS","","","","https://grupolambea.com/wp-content/uploads/2023/07/INYECLAM-DIESEL-NAUTICO-250-ML.jpg, https://grupolambea.com/wp-content/uploads/2023/07/INYECLAM-DIESEL-250-ML-2-1.jpg, https://grupolambea.com/wp-content/uploads/2021/09/41b2rrBnxLL.jpg, https://grupolambea.com/wp-content/uploads/2021/09/Filtro-mas-sucio1.jpg, https://grupolambea.com/wp-content/uploads/2021/09/diesel.jpg","https://grupolambea.com/wp-content/uploads/2025/03/FICHA-TECNICA-INYECLAM-DIESEL-NAUTICA.pdf","","DRP19-0005580","DUPLICADO_EN_MASTER_publicado"
"inyeclam_gasolina-pre_itv","INYECLAM GASOLINA","pre_itv","PRE-ITV","INYECLAM GASOLINA PRE-ITV","LAM-INYG-PRE","Aditivo para combustible gasolina. Limpiador de inyectores y sistema de alimentación.","18.0","104.0","250 ml | 1 L","5.0","3","","Añadir 250 ml por depósito (con ~15 L restantes). Repetir cada 10.000 km.","","nautico; caravaning; industrial","Sí","https://grupolambea.com/producto/inyeclam-gasolina-aditivo-para-combustible-especial-pre-itv-limpiador-de-inyectores-y-sistema-de-alimentacion-gasolina/","01-limpieza-barcos/02-inyeclam-gasolina","Sí","Sí","Sí","4","Gratis","~€4","No","Versión especial PRE-ITV","15792","INYECLAM GASOLINA – Aditivo Para Combustible Limpiador de Inyectores y Sistema de Alimentación Gasolina","1","variable","PRODUCTOS NÁUTICOS > Limpiador inyectores gasolina, Más vendidos, PRODUCTOS NÁUTICOS","","","","https://grupolambea.com/wp-content/uploads/2023/07/INYECLAM-GASOLINA-NAUTICO-250-ML.jpg, https://grupolambea.com/wp-content/uploads/2023/07/INYECLAM-GASOLINA-250-ML-2-1.jpg, https://grupolambea.com/wp-content/uploads/2021/09/31JH0E4vdrL.jpg, https://grupolambea.com/wp-content/uploads/2021/09/gasolina.jpg","https://grupolambea.com/wp-content/uploads/2025/03/FICHA-TECNICA-INYECLAM-GASOLINA-NAUTICA.pdf","","DRP19-0005581","DUPLICADO_EN_MASTER_publicado"
"inyeclam_gasolina-nautico","INYECLAM GASOLINA","nautico","Náutico","INYECLAM GASOLINA NÁUTICO","LAM-INYG-NAU","Aditivo para combustible gasolina. Limpiador de inyectores y sistema de alimentación.","18.0","104.0","250 ml | 1 L","5.0","3","","Añadir 250 ml por depósito (con ~15 L restantes). Repetir cada 10.000 km.","","nautico; caravaning; industrial","Sí","https://grupolambea.com/producto/inyeclam-gasolina-aditivo-para-combustible-limpiador-de-inyectores-y-sistema-de-alimentacion-gasolina/","01-limpieza-barcos/02-inyeclam-gasolina","Sí","Sí","Sí","4","Gratis","~€4","No","","15792","INYECLAM GASOLINA – Aditivo Para Combustible Limpiador de Inyectores y Sistema de Alimentación Gasolina","1","variable","PRODUCTOS NÁUTICOS > Limpiador inyectores gasolina, Más vendidos, PRODUCTOS NÁUTICOS","","","","https://grupolambea.com/wp-content/uploads/2023/07/INYECLAM-GASOLINA-NAUTICO-250-ML.jpg, https://grupolambea.com/wp-content/uploads/2023/07/INYECLAM-GASOLINA-250-ML-2-1.jpg, https://grupolambea.com/wp-content/uploads/2021/09/31JH0E4vdrL.jpg, https://grupolambea.com/wp-content/uploads/2021/09/gasolina.jpg","https://grupolambea.com/wp-content/uploads/2025/03/FICHA-TECNICA-INYECLAM-GASOLINA-NAUTICA.pdf","","DRP19-0005581","DUPLICADO_EN_MASTER_publicado"
"manzalam-nautico","MANZALAM","nautico","Náutico","MANZALAM NÁUTICO","LAM-MAN-NAU","Limpiador y reparador multiusos ecológico. Base de vinagre de manzana.","18.0","382.0","1 L | 5 L | 25 L","4.75","4","180065/LAM","Diluir 1:4 para uso normal, hasta 1:7. Aplicar, esperar 4-6 min, fregar con cepillo suave y aclarar. Para residuos difíciles: dilución 1:1.","Limpieza acero inoxidable; Eliminación cal y óxido; Limpieza multiusos ecológica","nautico; caravaning; industrial","Sí","https://grupolambea.com/producto/manzalam-nautico-limpiador-y-reparador-multiusos-limpia-superficies-de-acero-inoxidable-satinado-y-elimina-restos-de-cal-y-oxido-1-litro-concentrado/","01-limpieza-barcos/05-manzalam-nautico","Sí","Sí","Sí","5","Gratis","~€4","No","","15673","MANZALAM NÁUTICO – Limpiador y Reparador Multiusos Concentrado – Limpia superficies de Acero Inoxidable Satinado y Elimina Restos de Cal y Oxido – Disponible en 1 Litro, 5 Litros, 25 Litros","1","variable","PRODUCTOS NÁUTICOS > Limpiador superficies náutico, PRODUCTOS NÁUTICOS","","","","https://grupolambea.com/wp-content/uploads/2021/09/20200202_211106-1.jpg, https://grupolambea.com/wp-content/uploads/2021/09/MANZALAM-NAUTICO-5L-ult.jpg, https://grupolambea.com/wp-content/uploads/2021/09/MANZALAM-NAUTICO-25L-LAST-ult.jpg, https://grupolambea.com/wp-content/uploads/2021/09/png.png, https://grupolambea.com/wp-content/uploads/2021/09/Cuina-caravana-3.png","https://grupolambea.com/wp-content/uploads/2025/03/FICHA-TECNICA-MANZALAM-NAUTICA.pdf","","180065/LAM","COINCIDE_PUBLICADO"
"manzalam-industrial","MANZALAM","industrial","Industrial","MANZALAM INDUSTRIAL","LAM-MAN-IND","Limpiador y reparador multiusos ecológico. Base de vinagre de manzana.","18.0","382.0","1 L | 5 L | 25 L","4.75","4","180065/LAM","Diluir 1:4 para uso normal, hasta 1:7. Aplicar, esperar 4-6 min, fregar con cepillo suave y aclarar. Para residuos difíciles: dilución 1:1.","Limpieza acero inoxidable; Eliminación cal y óxido; Limpieza multiusos ecológica","nautico; caravaning; industrial","Sí","https://grupolambea.com/producto/manzalam-industriales-limpiador-y-reparador-multiusos-limpia-superficies-de-acero-inoxidable-satinado-y-elimina-restos-de-cal-y-oxido-1-litro-concentrado/","03-industriales/04-manzalam-industrial","Sí","Sí","Sí","7","Gratis","~€4","No","URL específica industrial; Caravaning puede compartirla","15667","MANZALAM INDUSTRIAL – Limpiador y Reparador Multiusos Concentrado – Limpia superficies de Acero Inoxidable Satinado y Elimina Restos de Cal y Oxido – Disponible en 1 Litro, 5 Litros, 25 Litros","1","variable","PRODUCTOS INDUSTRIALES > Limpiador superficies, PRODUCTOS INDUSTRIALES","","","","https://grupolambea.com/wp-content/uploads/2021/09/20200202_210205.jpg, https://grupolambea.com/wp-content/uploads/2021/09/MANZALAM-INDUSTRIAL-5L-ult-2.jpg, https://grupolambea.com/wp-content/uploads/2021/09/MANZALAM-INDUSTRIAL-25L-ult.jpg, https://grupolambea.com/wp-content/uploads/2021/09/png.png, https://grupolambea.com/wp-content/uploads/2021/09/Cuina-caravana-3.png, https://grupolambea.com/wp-content/uploads/2021/09/Cuina-2.png, https://grupolambea.com/wp-content/uploads/2021/09/Ascensor.png","https://grupolambea.com/wp-content/uploads/2025/03/FICHA-TECNICA-MANZALAM-INDUSTRIAL.pdf","","180065/LAM","DUPLICADO_EN_MASTER_publicado"
"manzalam-generico","MANZALAM","generico","Genérico","MANZALAM GENÉRICO","LAM-MAN-GEN","Limpiador y reparador multiusos ecológico. Base de vinagre de manzana.","18.0","382.0","1 L | 5 L | 25 L","4.75","4","180065/LAM","Diluir 1:4 para uso normal, hasta 1:7. Aplicar, esperar 4-6 min, fregar con cepillo suave y aclarar. Para residuos difíciles: dilución 1:1.","Limpieza acero inoxidable; Eliminación cal y óxido; Limpieza multiusos ecológica","nautico; caravaning; industrial","Sí","https://grupolambea.com/producto/manzalam-limpiador-y-reparador-multiusos-limpia-superficies-de-acero-inoxidable-satinado-y-elimina-restos-de-cal-y-oxido-1-litro-concentrado/","03-industriales/04-manzalam-industrial","Sí","Sí","Sí","7","Gratis","~€4","No","URL genérica — puede cubrir varias categorías","15667","MANZALAM INDUSTRIAL – Limpiador y Reparador Multiusos Concentrado – Limpia superficies de Acero Inoxidable Satinado y Elimina Restos de Cal y Oxido – Disponible en 1 Litro, 5 Litros, 25 Litros","1","variable","PRODUCTOS INDUSTRIALES > Limpiador superficies, PRODUCTOS INDUSTRIALES","","","","https://grupolambea.com/wp-content/uploads/2021/09/20200202_210205.jpg, https://grupolambea.com/wp-content/uploads/2021/09/MANZALAM-INDUSTRIAL-5L-ult-2.jpg, https://grupolambea.com/wp-content/uploads/2021/09/MANZALAM-INDUSTRIAL-25L-ult.jpg, https://grupolambea.com/wp-content/uploads/2021/09/png.png, https://grupolambea.com/wp-content/uploads/2021/09/Cuina-caravana-3.png, https://grupolambea.com/wp-content/uploads/2021/09/Cuina-2.png, https://grupolambea.com/wp-content/uploads/2021/09/Ascensor.png","https://grupolambea.com/wp-content/uploads/2025/03/FICHA-TECNICA-MANZALAM-INDUSTRIAL.pdf","","180065/LAM","DUPLICADO_EN_MASTER_publicado"
"motorlam-nautico","MOTORLAM","nautico","Náutico","MOTORLAM NÁUTICO","LAM-MOT-NAU","Desengrasante de motores de alto rendimiento con efecto desodorante","18.15","385.68","1 L | 5 L | 25 L","5.0","2","170190/LAM","Aplicar por pulverización, pincel o inmersión. Dejar actuar unos minutos y aclarar con agua. Diluible 1:4 o 1:7.","Limpieza motores; Desengrase; Limpieza sentinas; Eliminación olores","nautico; caravaning; industrial","Sí","https://grupolambea.com/producto/motorlam-nautico-desengrasante-de-motores-de-alto-rendimiento-con-efecto-desodorante-formula-especial-nautica-1-litro-concentrado/","01-limpieza-barcos/06-motorlam-nautico","Sí","Sí","Sí","0","Gratis","~€4","No","","15672","MOTORLAM NÁUTICO - Desengrasante de Motores de Alto Rendimiento Concentrado con Efecto Desodorante - Fórmula Especial Náutica - Disponible en 1 Litro, 5 Litros, 25 Litros","1","variable","PRODUCTOS NÁUTICOS > Desengrasante motores náuticos, PRODUCTOS NÁUTICOS","","","","https://grupolambea.com/wp-content/uploads/2021/09/MOTORLAN-N.jpg, https://grupolambea.com/wp-content/uploads/2021/09/MOTORLAM-NAUTICO-5L-ult.jpg, https://grupolambea.com/wp-content/uploads/2021/09/MOTORLAM-NAUTICO-25L-ult.jpg, https://grupolambea.com/wp-content/uploads/2021/09/MotorBARCO1.png","https://grupolambea.com/wp-content/uploads/2025/03/FICHA-TECNICA-MOTORLAM-NAUTICA.pdf","","170190/LAM","COINCIDE_PUBLICADO"
"motorlam-caravaning","MOTORLAM","caravaning","Caravaning","MOTORLAM CARAVANING","LAM-MOT-CAR","Desengrasante de motores de alto rendimiento con efecto desodorante","18.15","385.68","1 L | 5 L | 25 L","5.0","2","170190/LAM","Aplicar por pulverización, pincel o inmersión. Dejar actuar unos minutos y aclarar con agua. Diluible 1:4 o 1:7.","Limpieza motores; Desengrase; Limpieza sentinas; Eliminación olores","nautico; caravaning; industrial","Sí","https://grupolambea.com/producto/motorlam-caravaning-desengrasante-de-motores-de-alto-rendimiento-con-efecto-desodorante-formula-especial-caravaning-1-litro-caravana-concentrao/","02-limpieza-caravanas/06-motorlam-caravaning","Sí","Sí","Sí","6","Gratis","~€4","No","","15649","MOTORLAM CARAVANING - Desengrasante de Motores de Alto Rendimiento Concentrado con Efecto Desodorante - Fórmula Especial Caravaning - Disponible en 1 Litro, 5 Litros, 25 Litros","1","variable","PRODUCTOS CARAVANING > Desengrasante motores caravaning, PRODUCTOS CARAVANING","","","","https://grupolambea.com/wp-content/uploads/2021/09/20200202_133500.jpg, https://grupolambea.com/wp-content/uploads/2021/09/MOTORLAM-CARAVANING-5L-ult.jpg, https://grupolambea.com/wp-content/uploads/2021/09/MOTORLAM-CARAVANING-25L-ult.jpg, https://grupolambea.com/wp-content/uploads/2021/09/450_1000.jpg, https://grupolambea.com/wp-content/uploads/2021/09/Motor.png, https://grupolambea.com/wp-content/uploads/2021/09/51P3rRJq-UL.jpg","https://grupolambea.com/wp-content/uploads/2025/03/FICHA-TECNICA-MOTORLAM-CARAVANING.pdf","","170190/LAM","COINCIDE_PUBLICADO"
"motorlam-generico","MOTORLAM","generico","Genérico","MOTORLAM GENÉRICO","LAM-MOT-GEN","Desengrasante de motores de alto rendimiento con efecto desodorante","18.15","385.68","1 L | 5 L | 25 L","5.0","2","170190/LAM","Aplicar por pulverización, pincel o inmersión. Dejar actuar unos minutos y aclarar con agua. Diluible 1:4 o 1:7.","Limpieza motores; Desengrase; Limpieza sentinas; Eliminación olores","nautico; caravaning; industrial","Sí","https://grupolambea.com/producto/motorlam-desengrasante-de-motores-de-alto-rendimiento-con-efecto-desodorante-1-litro-concentrado/","03-industriales/05-motorlam-industrial","Sí","Sí","Sí","6","Gratis","~€4","No","URL genérica — puede cubrir varias categorías","15738","MOTORLAM - Desengrasante de Motores de Alto Rendimiento Concentrado con Efecto Desodorante - Disponible en 1 Litro, 5 Litros, 25 Litros","1","variable","PRODUCTOS INDUSTRIALES > Desengrasante motores industriales, PRODUCTOS INDUSTRIALES","","","","https://grupolambea.com/wp-content/uploads/2021/09/20200202_210221-1.jpg, https://grupolambea.com/wp-content/uploads/2021/09/MOTORLAM-INDUSTRIAL-5L-ult.jpg, https://grupolambea.com/wp-content/uploads/2021/09/MOTORLAM-INDUSTRIAL-25L-ult.jpg, https://grupolambea.com/wp-content/uploads/2021/09/450_1000.jpg, https://grupolambea.com/wp-content/uploads/2021/09/Motor.png, https://grupolambea.com/wp-content/uploads/2021/09/51P3rRJq-UL.jpg","https://grupolambea.com/wp-content/uploads/2025/03/FICHA-TECNICA-MOTORLAM-INDUSTRIAL.pdf","","170190/LAM","COINCIDE_PUBLICADO"
"pasta_rosa_superbrillo-nautico","PASTA ROSA SUPERBRILLO","nautico","Náutico","PASTA ROSA SUPERBRILLO NÁUTICO","LAM-PROSA-NAU","Pulimento para metales. Desbastar a máquina. Primer paso.","10.15","33.8","líquida","","","","","Pulido metales a máquina; Primer paso pulido; Desbastado metales","nautico; industrial","Sí","https://grupolambea.com/producto/pasta-rosa-superbrillo-nautica-pulimento-para-metales-desbastar-a-maquina-formula-especial-nautica-liquida-pulir-metales/","01-limpieza-barcos/15-pasta-rosa-superbrillo","Sí","Sí","Sí","12","Gratis","~€4","No","","15840","PASTA ROSA SUPERBRILLO NÁUTICA – Pulimento para metales - Desbastar a Máquina - Fórmula Especial Náutica","1","variable","PRODUCTOS NÁUTICOS, PRODUCTOS NÁUTICOS > Pulimento metales náutico","","","","https://grupolambea.com/wp-content/uploads/2021/09/20200202_210906_001-1.jpeg, https://grupolambea.com/wp-content/uploads/2021/09/39000125.jpeg, https://grupolambea.com/wp-content/uploads/2021/09/Tub-4.jpeg, https://grupolambea.com/wp-content/uploads/2021/09/1-5.jpeg, https://grupolambea.com/wp-content/uploads/2021/09/1-7.jpeg, https://grupolambea.com/wp-content/uploads/2021/09/1-6.jpeg, https://grupolambea.com/wp-content/uploads/2021/09/1-12-1.jpeg, https://grupolambea.com/wp-content/uploads/2021/09/1-25.jpeg, https://grupolambea.com/wp-content/uploads/2021/09/1-33.jpeg, https://grupolambea.com/wp-content/uploads/2021/09/1-44.jpeg, https://grupolambea.com/wp-content/uploads/2021/09/1-57.jpeg, https://grupolambea.com/wp-content/uploads/2021/09/1-13-1.jpeg","https://grupolambea.com/wp-content/uploads/2025/03/FICHA-TECNICA-PASTA-ROSA-NAUTICA.pdf","","En proceso de gestión. Pida más info por mail","COINCIDE_PUBLICADO"
"pasta_rosa_superbrillo-generico","PASTA ROSA SUPERBRILLO","generico","Genérico","PASTA ROSA SUPERBRILLO GENÉRICO","LAM-PROSA-GEN","Pulimento para metales. Desbastar a máquina. Primer paso.","10.15","33.8","líquida","","","","","Pulido metales a máquina; Primer paso pulido; Desbastado metales","nautico; industrial","Sí","https://grupolambea.com/producto/pasta-rosa-superbrillo-pulimento-para-metales-desbastar-a-maquina-1-kg/","03-industriales/14-pasta-rosa-superbrillo","Sí","Sí","Sí","10","Gratis","~€4","No","URL genérica — puede cubrir varias categorías","15752","PASTA ROSA SUPERBRILLO – Pulimento para metales - Desbastar a Máquina - 1,3 Kg","1","variable","PRODUCTOS INDUSTRIALES, PRODUCTOS INDUSTRIALES > Pulimento metales industrial","","","","https://grupolambea.com/wp-content/uploads/2021/09/20200202_210906_001.jpg, https://grupolambea.com/wp-content/uploads/2021/09/39000125.jpg, https://grupolambea.com/wp-content/uploads/2021/09/ruedalambea-1-1.jpg, https://grupolambea.com/wp-content/uploads/2021/09/Tub-4.jpg, https://grupolambea.com/wp-content/uploads/2021/09/1-57.jpg, https://grupolambea.com/wp-content/uploads/2021/09/1-44.jpg, https://grupolambea.com/wp-content/uploads/2021/09/1-5.jpg, https://grupolambea.com/wp-content/uploads/2021/09/1-33.jpg, https://grupolambea.com/wp-content/uploads/2021/09/1-7.jpg, https://grupolambea.com/wp-content/uploads/2021/09/1-12-1.jpg","https://grupolambea.com/wp-content/uploads/2025/03/FICHA-TECNICA-PASTA-ROSA-INDUSTRIAL.pdf","","En proceso de gestión. Pida más info por mail","COINCIDE_PUBLICADO"
"pasta_verde_superbrillo-nautico","PASTA VERDE SUPERBRILLO","nautico","Náutico","PASTA VERDE SUPERBRILLO NÁUTICO","LAM-PVERDE-NAU","Pulimento para metales. Superbrillo a máquina. Segundo paso.","7.9","84.0","","","","","","Pulido metales a máquina; Acabado superbrillo; Segundo paso pulido","nautico; industrial","Sí","https://grupolambea.com/producto/pasta-verde-superbrillo-nautica-pulimento-para-metales-superbrillo-a-maquina-formula-especial-nautica-1-kg-pulir/","01-limpieza-barcos/16-pasta-verde-superbrillo","Sí","Sí","Sí","12","Gratis","~€4","No","","15679","PASTA VERDE SUPERBRILLO NÁUTICA – Pulimento para metales - Superbrillo a Máquina - Fórmula Especial Náutica - 1,3 Kg","1","variable","PRODUCTOS NÁUTICOS, PRODUCTOS NÁUTICOS > Pulimento metales náutico","","","","https://grupolambea.com/wp-content/uploads/2021/09/20200202_210832.jpg, https://grupolambea.com/wp-content/uploads/2021/09/39000125.jpg, https://grupolambea.com/wp-content/uploads/2021/09/Tub-4.jpg, https://grupolambea.com/wp-content/uploads/2021/09/1-57.jpg, https://grupolambea.com/wp-content/uploads/2021/09/1-44.jpg, https://grupolambea.com/wp-content/uploads/2021/09/1-33.jpg, https://grupolambea.com/wp-content/uploads/2021/09/1-25.jpg, https://grupolambea.com/wp-content/uploads/2021/09/1-13-1.jpg, https://grupolambea.com/wp-content/uploads/2021/09/1-12-1.jpg, https://grupolambea.com/wp-content/uploads/2021/09/1-7.jpg, https://grupolambea.com/wp-content/uploads/2021/09/1-6.jpg, https://grupolambea.com/wp-content/uploads/2021/09/1-5.jpg","https://grupolambea.com/wp-content/uploads/2025/03/FICHA-TECNICA-PASTA-VERDE-NAUTICA.pdf","","En proceso de gestión. Pida más info por mail","COINCIDE_PUBLICADO"
"pasta_verde_superbrillo-generico","PASTA VERDE SUPERBRILLO","generico","Genérico","PASTA VERDE SUPERBRILLO GENÉRICO","LAM-PVERDE-GEN","Pulimento para metales. Superbrillo a máquina. Segundo paso.","7.9","84.0","","","","","","Pulido metales a máquina; Acabado superbrillo; Segundo paso pulido","nautico; industrial","Sí","https://grupolambea.com/producto/pasta-pulir-liquida-verde-brillo-pulimento-para-metales-superbrillo-a-maquina-1-kg/","03-industriales/15-pasta-verde-superbrillo","Sí","Sí","Sí","0","Gratis","~€4","No","URL genérica — puede cubrir varias categorías","15753","PASTA VERDE SUPERBRILLO – Pulimento para metales - Superbrillo a Máquina - 1,3 Kg","1","variable","PRODUCTOS INDUSTRIALES, PRODUCTOS INDUSTRIALES > Pulimento metales industrial","","","","https://grupolambea.com/wp-content/uploads/2021/09/20200202_210832.jpg, https://grupolambea.com/wp-content/uploads/2021/09/39000125.jpg, https://grupolambea.com/wp-content/uploads/2021/09/ruedalambea-1-1.jpg, https://grupolambea.com/wp-content/uploads/2021/09/Tub-4.jpg, https://grupolambea.com/wp-content/uploads/2021/09/1-57.jpg, https://grupolambea.com/wp-content/uploads/2021/09/1-6.jpg, https://grupolambea.com/wp-content/uploads/2021/09/1-44.jpg, https://grupolambea.com/wp-content/uploads/2021/09/1-33.jpg, https://grupolambea.com/wp-content/uploads/2021/09/1-25.jpg, https://grupolambea.com/wp-content/uploads/2021/09/1-7.jpg, https://grupolambea.com/wp-content/uploads/2021/09/1-5.jpg, https://grupolambea.com/wp-content/uploads/2021/09/1-13-1.jpg, https://grupolambea.com/wp-content/uploads/2021/09/1-12-1.jpg","https://grupolambea.com/wp-content/uploads/2025/03/FICHA-TECNICA-PASTA-VERDE-INDUSTRIAL.pdf","","En proceso de gestión. Pida más info por mail","COINCIDE_PUBLICADO"
"plastilam-nautico","PLASTILAM","nautico","Náutico","PLASTILAM NÁUTICO","LAM-PLAS-NAU","Pulimento para plásticos. Restaura faros, ventanillas y plásticos.","10.5","63.0","1 kg","","","","","Pulido faros; Restauración plásticos; Limpieza ventanillas","nautico; caravaning; industrial","Sí","https://grupolambea.com/producto/pasta-pulir-plastilam-nautico-pulimento-para-plasticos-limpia-cupulas-escotillas-parabrisas-y-demas-plasticos-1-kg/","01-limpieza-barcos/14-plastilam-nautico","Sí","Sí","Sí","4","Gratis","~€4","No","","15680","PLASTILAM NÁUTICO - Pasta de Pulir para Plásticos –  Cúpulas Escotillas Parabrisas y demás Plásticos de su Embarcación - Disponible En 0.5 Kg, 1 kg","1","variable","Más vendidos, PRODUCTOS NÁUTICOS > Pasta pulir náutico, PRODUCTOS NÁUTICOS","","","","https://grupolambea.com/wp-content/uploads/2021/09/20200202_211531.jpg, https://grupolambea.com/wp-content/uploads/2021/09/7.jpg, https://grupolambea.com/wp-content/uploads/2021/09/ANTES-DESPUES-ESCOTILLA.png, https://grupolambea.com/wp-content/uploads/2021/09/plastilam_nautica1.png","https://grupolambea.com/wp-content/uploads/2025/03/FICHA-TECNICA-PLASTILAM-NAUTICA.pdf","","En proceso de gestión. Pida más info por mail","COINCIDE_PUBLICADO"
"plastilam-caravaning","PLASTILAM","caravaning","Caravaning","PLASTILAM CARAVANING","LAM-PLAS-CAR","Pulimento para plásticos. Restaura faros, ventanillas y plásticos.","10.5","63.0","1 kg","","","","","Pulido faros; Restauración plásticos; Limpieza ventanillas","nautico; caravaning; industrial","Sí","https://grupolambea.com/producto/plastilam-caravaning-pulimento-para-plasticos-limpia-ventanillas-faros-demas-plasticos-1-kg-caravana-pasta-pulir-caravana/","02-limpieza-caravanas/13-plastilam-caravaning","Sí","Sí","Sí","8","Gratis","~€4","No","","15658","PLASTILAM CARAVANING - Pasta de Pulir para Plásticos, Especialmente Faros Deteriorados, Ventanillas y demás Plásticos de su Cámper –  Disponible en 0.5 Kg, 1 Kg","1","variable","PRODUCTOS CARAVANING > Pasta pulir caravaning, PRODUCTOS CARAVANING","","","","https://grupolambea.com/wp-content/uploads/2021/09/20200202_133608.jpg, https://grupolambea.com/wp-content/uploads/2023/07/PLASTILAM-INDUSTRIAL-125-g-2-scaled.jpg, https://grupolambea.com/wp-content/uploads/2023/07/PLASTILAM-INDUSTRIAL-250-g-scaled.jpg, https://grupolambea.com/wp-content/uploads/2023/07/PLASTILAM-INDUSTRIAL-500-g-scaled.jpg, https://grupolambea.com/wp-content/uploads/2021/09/718P0kTfe7L._AC_SL1500_.jpg, https://grupolambea.com/wp-content/uploads/2021/09/IMG_20200608_112834-scaled-1.jpg, https://grupolambea.com/wp-content/uploads/2021/09/IMG_20200715_114030-scaled-1.jpg, https://grupolambea.com/wp-content/uploads/2021/09/IMG_20200715_114019-scaled-1.jpg","https://grupolambea.com/wp-content/uploads/2025/03/FICHA-TECNICA-PLASTILAM-CARAVANING.pdf","","En proceso de gestión. Pida más info por mail","COINCIDE_PUBLICADO"
"plastilam-generico","PLASTILAM","generico","Genérico","PLASTILAM GENÉRICO","LAM-PLAS-GEN","Pulimento para plásticos. Restaura faros, ventanillas y plásticos.","10.5","63.0","1 kg","","","","","Pulido faros; Restauración plásticos; Limpieza ventanillas","nautico; caravaning; industrial","Sí","https://grupolambea.com/producto/plastilam-pulimento-para-plasticos-1-kg-pasta-pulir-plasticos-faros/","03-industriales/13-plastilam-industrial","Sí","Sí","Sí","7","Gratis","~€4","No","URL genérica — puede cubrir varias categorías","15751","PLASTILAM - Pasta de Pulir para Plásticos, Especialmente Faros Deteriorados, Ventanillas, Cúpulas, Parasoles y demás Plásticos - Disponible en 0.5 Kg, 1 Kg","1","variable","PRODUCTOS INDUSTRIALES > Pasta pulir industrial, PRODUCTOS INDUSTRIALES","","","","https://grupolambea.com/wp-content/uploads/2021/09/20200202_210507.jpg, https://grupolambea.com/wp-content/uploads/2021/09/4.jpg, https://grupolambea.com/wp-content/uploads/2021/09/5.jpg, https://grupolambea.com/wp-content/uploads/2021/09/718P0kTfe7L._AC_SL1500_.jpg, https://grupolambea.com/wp-content/uploads/2021/09/IMG_20200608_112834-scaled-1.jpg, https://grupolambea.com/wp-content/uploads/2021/09/IMG_20200715_114030-scaled-1.jpg, https://grupolambea.com/wp-content/uploads/2021/09/IMG_20200715_114019-scaled-1.jpg","https://grupolambea.com/wp-content/uploads/2025/03/FICHA-TECNICA-PLASTILAM-INDUSTRIAL.pdf","","En proceso de gestión. Pida más info por mail","COINCIDE_PUBLICADO"
"proteclam-nautico","PROTECLAM","nautico","Náutico","PROTECLAM NÁUTICO","LAM-PROT-NAU","Limpiador y abrillantador con siliconas. Anti-huella y repelente del polvo.","14.7","569.5","500 ml | 1 L | 5 L | 25 L","5.0","3","180380/LAM","Pulverizar uniformemente sobre la superficie a ~20 cm. Esperar unos minutos. Pasar paño suave.","Abrillantado superficies; Protección anti-huella; Repelente polvo","nautico; caravaning; industrial","Sí","https://grupolambea.com/producto/proteclam-nautico-limpiador-y-abrillantador-con-siliconas-para-superficies-lisas-y-satina-repelente-polvodas-1-litro/","01-limpieza-barcos/07-proteclam-nautico","Sí","Sí","Sí","4","Gratis","~€4","No","","15762","PROTECLAM NÁUTICO - Limpiador y Abrillantador Repelente del polvo, la Suciedad y Antihuellas con Siliconas Para Superficies Lisas y Satinadas - Disponible En 0.5 Litro,1 Litro, 5 Litros y 25 Litros","1","variable","PRODUCTOS NÁUTICOS > Abrillantadores náuticos, PRODUCTOS NÁUTICOS","","","","https://grupolambea.com/wp-content/uploads/2021/09/20200202_211457.jpg, https://grupolambea.com/wp-content/uploads/2021/09/20200202_211457.jpg, https://grupolambea.com/wp-content/uploads/2021/09/IMG_20190909_192417-2-2.jpg, https://grupolambea.com/wp-content/uploads/2021/09/1-12.jpg, https://grupolambea.com/wp-content/uploads/2021/09/1-13.jpg","https://grupolambea.com/wp-content/uploads/2025/03/FICHA-TECNICA-PROTECLAM-NAUTICA.pdf","","180380/LAM","COINCIDE_PUBLICADO"
"proteclam-generico","PROTECLAM","generico","Genérico","PROTECLAM GENÉRICO","LAM-PROT-GEN","Limpiador y abrillantador con siliconas. Anti-huella y repelente del polvo.","14.7","569.5","500 ml | 1 L | 5 L | 25 L","5.0","3","180380/LAM","Pulverizar uniformemente sobre la superficie a ~20 cm. Esperar unos minutos. Pasar paño suave.","Abrillantado superficies; Protección anti-huella; Repelente polvo","nautico; caravaning; industrial","Sí","https://grupolambea.com/producto/proteclam-limpiador-y-abrillantador-con-siliconas-para-superficies-lisas-y-satinadas-1-litro/","03-industriales/06-proteclam-industrial","Sí","Sí","Sí","5","Gratis","~€4","No","URL genérica — puede cubrir varias categorías","15742","PROTECLAM - Limpiador y Abrillantador Repelente del polvo, la Suciedad y Antihuellas con Siliconas Para Superficies Lisas y Satinadas - Disponible En 0.5 Litro, 1 Litro, 5 Litros y 25 Litros","1","variable","PRODUCTOS INDUSTRIALES > Abrillantador industrial, PRODUCTOS INDUSTRIALES","","","","https://grupolambea.com/wp-content/uploads/2021/09/20200202_210132.jpg, https://grupolambea.com/wp-content/uploads/2021/09/Ascensor.png, https://grupolambea.com/wp-content/uploads/2021/09/Cuina-2.png, https://grupolambea.com/wp-content/uploads/2021/09/png.png, https://grupolambea.com/wp-content/uploads/2021/09/Cuina-caravana-3.png","https://grupolambea.com/wp-content/uploads/2025/03/FICHA-TECNICA-PROTECLAM-INDUSTRIAL.pdf","","180380/LAM","COINCIDE_PUBLICADO"
"proteclam-caravaning","PROTECLAM","caravaning","Caravaning","PROTECLAM CARAVANING","LAM-PROT-CAR","Limpiador y abrillantador con siliconas. Anti-huella y repelente del polvo.","14.7","569.5","500 ml | 1 L | 5 L | 25 L","5.0","3","180380/LAM","Pulverizar uniformemente sobre la superficie a ~20 cm. Esperar unos minutos. Pasar paño suave.","Abrillantado superficies; Protección anti-huella; Repelente polvo","nautico; caravaning; industrial","Sí","https://grupolambea.com/producto/limpiador-y-abrillantador-repelente-del-polvo/","02-limpieza-caravanas/07-proteclam-caravaning","Sí","Sí","Sí","3","Gratis","~€4","No","","15651","PROTECLAM CARAVANING - Limpiador y Abrillantador Repelente del polvo, la Suciedad y Antihuellas con Siliconas Para Superficies Lisas y Satinadas - 1 Litro","1","variable","PRODUCTOS CARAVANING > Abrillantador caravaning, PRODUCTOS CARAVANING","","","","https://grupolambea.com/wp-content/uploads/2021/09/20200202_133943_001.jpg, https://grupolambea.com/wp-content/uploads/2021/09/png.png, https://grupolambea.com/wp-content/uploads/2021/09/Cuina-caravana-3.png","https://grupolambea.com/wp-content/uploads/2025/03/FICHA-TECNICA-PROTECLAM-CARAVANING.pdf","","180380/LAM","COINCIDE_PUBLICADO"
"pulimento_superbrillo-nautico","PULIMENTO SUPERBRILLO","nautico","Náutico","PULIMENTO SUPERBRILLO NÁUTICO","LAM-PUL-NAU","Pulimento para metales a mano. Brillo espejo.","7.9","84.0","500 g","","","","","Pulido metales a mano; Brillo espejo; Eliminar velos metálicos","nautico; caravaning; industrial","Sí","https://grupolambea.com/producto/pulimento-superbrillo-nautico-para-metales-a-mano-pule-limpia-abrillanta-elimina-velos-de-todo-tipo-de-metales-dejando-brillo-espejo-500-gr-pasta-barco/","01-limpieza-barcos/13-pulimento-superbrillo-mano","Sí","Sí","Sí","1","Gratis","~€4","No","","15681","PULIMENTO SUPERBRILLO NÁUTICO – Para metales a Mano - Pule Limpia Abrillanta Elimina velos de Todo Tipo de Metales Dejando Brillo Espejo - Disponible en 100g, 250g, 0.5Kg, 1Kg","1","variable","PRODUCTOS NÁUTICOS, PRODUCTOS NÁUTICOS > Pulimento superbrillo Náutico","","","","https://grupolambea.com/wp-content/uploads/2021/09/20200202_211514_001.jpg, https://grupolambea.com/wp-content/uploads/2023/07/PULIMENTO-SUPERBRILLO-NAUTICO-125g-scaled.jpg, https://grupolambea.com/wp-content/uploads/2021/09/9.jpg, https://grupolambea.com/wp-content/uploads/2021/09/8.jpg, https://grupolambea.com/wp-content/uploads/2021/09/39000125.jpg, https://grupolambea.com/wp-content/uploads/2021/09/1-7.jpg, https://grupolambea.com/wp-content/uploads/2021/09/1-57.jpg, https://grupolambea.com/wp-content/uploads/2021/09/1-44.jpg, https://grupolambea.com/wp-content/uploads/2021/09/1-33.jpg, https://grupolambea.com/wp-content/uploads/2021/09/1-25.jpg, https://grupolambea.com/wp-content/uploads/2021/09/1-13-1.jpg, https://grupolambea.com/wp-content/uploads/2021/09/1-12-1.jpg, https://grupolambea.com/wp-content/uploads/2021/09/1-6.jpg, https://grupolambea.com/wp-content/uploads/2021/09/1-5.jpg","https://grupolambea.com/wp-content/uploads/2025/03/FICHA-TECNICA-SUPERBRILLO-A-MANO-NAUTICA.pdf","","En proceso de gestión. Pida más info por mail","COINCIDE_PUBLICADO"
"pulimento_superbrillo-caravaning","PULIMENTO SUPERBRILLO","caravaning","Caravaning","PULIMENTO SUPERBRILLO CARAVANING","LAM-PUL-CAR","Pulimento para metales a mano. Brillo espejo.","7.9","84.0","500 g","","","","","Pulido metales a mano; Brillo espejo; Eliminar velos metálicos","nautico; caravaning; industrial","Sí","https://grupolambea.com/producto/pulimento-superbrillo-caravaning-para-metales-a-mano-pule-limpia-abrillanta-elimina-velos-de-todo-tipo-de-metales-dejando-brillo-espejo-500-gr-pasta-caravana/","02-limpieza-caravanas/12-pulimento-superbrillo-mano","Sí","Sí","Sí","15","Gratis","~€4","No","","15657","PULIMENTO SUPERBRILLO CARAVANING – Para metales a Mano - Pule Limpia Abrillanta Elimina velos de Todo Tipo de Metales Dejando Brillo Espejo - Disponible en 100g, 250g, 0.5Kg, 1Kg","1","variable","PRODUCTOS CARAVANING, PRODUCTOS CARAVANING > Pulimento superbrillo caravaning","","","","https://grupolambea.com/wp-content/uploads/2021/09/20200202_133629.jpg, https://grupolambea.com/wp-content/uploads/2023/07/PULIMENTO-SUPERBRILLO-CARAVANING-125g-scaled.jpg, https://grupolambea.com/wp-content/uploads/2021/09/Diseno-sin-titulo-14.jpg, https://grupolambea.com/wp-content/uploads/2021/09/Diseno-sin-titulo.png, https://grupolambea.com/wp-content/uploads/2021/09/ruedalambea-1-1.jpg, https://grupolambea.com/wp-content/uploads/2021/09/39000125.jpg, https://grupolambea.com/wp-content/uploads/2021/09/Tub-4.jpg, https://grupolambea.com/wp-content/uploads/2021/09/1-44.jpg, https://grupolambea.com/wp-content/uploads/2021/09/1-33.jpg, https://grupolambea.com/wp-content/uploads/2021/09/1-25.jpg, https://grupolambea.com/wp-content/uploads/2021/09/1-57.jpg, https://grupolambea.com/wp-content/uploads/2021/09/1-7.jpg, https://grupolambea.com/wp-content/uploads/2021/09/1-6.jpg, https://grupolambea.com/wp-content/uploads/2021/09/1-5.jpg, https://grupolambea.com/wp-content/uploads/2021/09/1-12-1.jpg","https://grupolambea.com/wp-content/uploads/2025/03/FICHA-TECNICA-SUPERBRILLO-A-MANO-CARAVANING.pdf","","En proceso de gestión. Pida más info por mail","COINCIDE_PUBLICADO"
"pulimento_superbrillo-generico","PULIMENTO SUPERBRILLO","generico","Genérico","PULIMENTO SUPERBRILLO GENÉRICO","LAM-PUL-GEN","Pulimento para metales a mano. Brillo espejo.","7.9","84.0","500 g","","","","","Pulido metales a mano; Brillo espejo; Eliminar velos metálicos","nautico; caravaning; industrial","Sí","https://grupolambea.com/producto/pasta-de-pulir-pulimento-superbrillo-para-metales-a-mano-pule-limpia-abrillanta-elimina-velos-de-todo-tipo-de-metales-dejando-brillo-espejo-500-gr/","03-industriales/12-pulimento-superbrillo-mano","Sí","Sí","Sí","7","Gratis","~€4","No","URL genérica — puede cubrir varias categorías","15748","PULIMENTO SUPERBRILLO – Para metales a Mano - Pule Limpia Abrillanta Elimina velos de Todo Tipo de Metales Dejando Brillo Espejo - Disponible en 100g, 250g, 0.5Kg, 1Kg","1","variable","Más vendidos, PRODUCTOS INDUSTRIALES, PRODUCTOS INDUSTRIALES > Pulimento superbrillo industrial","","","","https://grupolambea.com/wp-content/uploads/2021/09/20200202_210410-1.jpg, https://grupolambea.com/wp-content/uploads/2023/07/PULIMENTO-SUPERBRILLO-INDUSTRIAL-125g-scaled.jpg, https://grupolambea.com/wp-content/uploads/2023/07/PULIMENTO-SUPERBRILLO-INDUSTRIAL-500g-scaled.jpg, https://grupolambea.com/wp-content/uploads/2021/09/Diseno-sin-titulo-16.jpg, https://grupolambea.com/wp-content/uploads/2021/09/39000125.jpg, https://grupolambea.com/wp-content/uploads/2021/09/Tub-4.jpg, https://grupolambea.com/wp-content/uploads/2021/09/ruedalambea-1.jpg, https://grupolambea.com/wp-content/uploads/2021/09/1-5.jpg, https://grupolambea.com/wp-content/uploads/2021/09/1-6.jpg, https://grupolambea.com/wp-content/uploads/2021/09/1-7.jpg, https://grupolambea.com/wp-content/uploads/2021/09/1-12-1.jpg, https://grupolambea.com/wp-content/uploads/2021/09/1-25.jpg, https://grupolambea.com/wp-content/uploads/2021/09/1-33.jpg, https://grupolambea.com/wp-content/uploads/2021/09/1-44.jpg, https://grupolambea.com/wp-content/uploads/2021/09/1-57.jpg","https://grupolambea.com/wp-content/uploads/2025/03/FICHA-TECNICA-SUPERBRILLO-A-MANO-INDUSTRIAL.pdf","","En proceso de gestión. Pida más info por mail","COINCIDE_PUBLICADO"
"tapilam-nautico","TAPILAM","nautico","Náutico","TAPILAM NÁUTICO","LAM-TAP-NAU","Limpiador concentrado para moquetas y tapicerías","17.9","380.37","1 L | 5 L | 25 L","5.0","2","DRP19-0005578","Manual: diluir 1:10, aplicar con esponja/cepillo. Máquina: diluir 1:15. Generar espuma, dejar secar y aspirar residuos.","Limpieza moquetas; Limpieza tapicerías; Limpieza asientos barco","nautico; caravaning; industrial","Sí","https://grupolambea.com/producto/tapilam-nautico-limpiador-para-moquetas-y-tapicerias-formula-especial-nautica-1-litro-concentrado/","01-limpieza-barcos/09-tapilam-nautico","Sí","Sí","Sí","5","Gratis","~€4","No","","15674","TAPILAM NÁUTICO- Limpiador Concentrado para Todo Tipo de Moquetas y Tapicerías - Fórmula Especial Náutica - Disponible en 1 Litro, 5 Litros, 25 Litros","1","variable","PRODUCTOS NÁUTICOS > Limpiador tapicería náutico, PRODUCTOS NÁUTICOS","","","","https://grupolambea.com/wp-content/uploads/2021/09/20200202_211228-2.jpg, https://grupolambea.com/wp-content/uploads/2021/09/TAPILAM-NAUTICO-5L-ult.jpg, https://grupolambea.com/wp-content/uploads/2021/09/TAPILAM-NAUTICO-25L-ult.jpg, https://grupolambea.com/wp-content/uploads/2021/09/31pS-owfUeL.jpg, https://grupolambea.com/wp-content/uploads/2021/09/41lZRpEoWFL.jpg","https://grupolambea.com/wp-content/uploads/2025/03/FICHA-TECNICA-TAPILAM-NAUTICA.pdf","","DRP19-0005578","COINCIDE_PUBLICADO"
"tapilam-caravaning","TAPILAM","caravaning","Caravaning","TAPILAM CARAVANING","LAM-TAP-CAR","Limpiador concentrado para moquetas y tapicerías","17.9","380.37","1 L | 5 L | 25 L","5.0","2","DRP19-0005578","Manual: diluir 1:10, aplicar con esponja/cepillo. Máquina: diluir 1:15. Generar espuma, dejar secar y aspirar residuos.","Limpieza moquetas; Limpieza tapicerías; Limpieza asientos barco","nautico; caravaning; industrial","Sí","https://grupolambea.com/producto/tapilam-caravaning-limpiador-para-moquetas-y-tapicerias-formula-especial-caravana-1-litro/","02-limpieza-caravanas/08-tapilam-caravaning","Sí","Sí","Sí","0","Gratis","~€4","No","","15654","TAPILAM CARAVANING - Limpiador Concentrado para Todo Tipo de Moquetas y Tapicerías  - Fórmula Especial Caravana - Disponible en 1 Litro, 5 Litros, 25 Litros","1","variable","PRODUCTOS CARAVANING > Limpiador tapicería caravaning, PRODUCTOS CARAVANING","","","","https://grupolambea.com/wp-content/uploads/2023/07/tapilam-caravaning.jpg, https://grupolambea.com/wp-content/uploads/2021/09/TAPILAM-CARAVANING-5L-ult.jpg, https://grupolambea.com/wp-content/uploads/2021/09/TAPILAM-CARAVANING-25L-ult.jpg, https://grupolambea.com/wp-content/uploads/2021/09/31pS-owfUeL.jpg, https://grupolambea.com/wp-content/uploads/2021/09/Tapiceria.png, https://grupolambea.com/wp-content/uploads/2021/09/grupolambeatapilam1.jpg, https://grupolambea.com/wp-content/uploads/2021/09/41lZRpEoWFL.jpg","https://grupolambea.com/wp-content/uploads/2025/03/FICHA-TECNICA-TAPILAM-CARAVANING.pdf","","DRP19-0005578","COINCIDE_PUBLICADO"
"tapilam-generico","TAPILAM","generico","Genérico","TAPILAM GENÉRICO","LAM-TAP-GEN","Limpiador concentrado para moquetas y tapicerías","17.9","380.37","1 L | 5 L | 25 L","5.0","2","DRP19-0005578","Manual: diluir 1:10, aplicar con esponja/cepillo. Máquina: diluir 1:15. Generar espuma, dejar secar y aspirar residuos.","Limpieza moquetas; Limpieza tapicerías; Limpieza asientos barco","nautico; caravaning; industrial","Sí","https://grupolambea.com/producto/tapilam-limpiador-para-moquetas-y-tapicerisa-1-litro-concentrado/","03-industriales/08-tapilam-industrial","Sí","Sí","Sí","7","Gratis","~€4","No","URL genérica — puede cubrir varias categorías","15668","TAPILAM - Limpiador Concentrado para Todo Tipo de Moquetas y Tapicerías  - Disponible en 1 Litro, 5 Litros, 25 Litros","1","variable","PRODUCTOS INDUSTRIALES > Limpiador tapicería, PRODUCTOS INDUSTRIALES","","","","https://grupolambea.com/wp-content/uploads/2021/09/31IoqSpL-e1689784663905.jpg, https://grupolambea.com/wp-content/uploads/2021/09/TAPILAM-INDUSTRIAL-5L-ult.jpg, https://grupolambea.com/wp-content/uploads/2021/09/TAPILAM-INDUSTRIAL-25L-ult.jpg, https://grupolambea.com/wp-content/uploads/2021/09/Tapiceria.png, https://grupolambea.com/wp-content/uploads/2021/09/grupolambeatapilam1.jpg, https://grupolambea.com/wp-content/uploads/2021/09/31pS-owfUeL.jpg, https://grupolambea.com/wp-content/uploads/2021/09/41lZRpEoWFL.jpg","https://grupolambea.com/wp-content/uploads/2025/03/FICHA-TECNICA-TAPILAM-INDUSTRIAL.pdf","","DRP19-0005578","COINCIDE_PUBLICADO"
"tekalam-nautico","TEKALAM","nautico","Náutico","TEKALAM NÁUTICO","LAM-TEK-NAU","Protector de madera. Evita resecamiento, humedad y podredumbre.","16.8","354.9","1 L | 5 L | 25 L","5.0","2","170020/LAM","Aplicar TEKALAM puro con brocha sobre madera seca y limpia. Dejar secar mínimo 24 horas. Dar segunda mano si es necesario.","Protección madera teca; Protección madera caravana; Prevención podredumbre","nautico; caravaning","Sí","https://grupolambea.com/producto/tekalam-nautico-protector-de-madera-formula-especial-nautica-1-litro-aceite-cubierta/","01-limpieza-barcos/11-tekalam-nautico","Sí","Sí","No","4","Gratis","~€4","No","","15757","TEKALAM NÁUTICO - Protector de Madera - Fórmula especial Náutica – Disponible En 1 Litro, 5 Litros y 25 Litros","1","variable","PRODUCTOS NÁUTICOS, PRODUCTOS NÁUTICOS > Protector madera náutico","","","","https://grupolambea.com/wp-content/uploads/2021/09/20200202_210739-2.jpg, https://grupolambea.com/wp-content/uploads/2021/09/TEKALAM-NAUTIC-5L-ult.jpg, https://grupolambea.com/wp-content/uploads/2021/09/TEKALAM-NAUTIC-25L-ult.jpg, https://grupolambea.com/wp-content/uploads/2021/09/Teka-2-1.png","","https://grupolambea.com/wp-content/uploads/fichas-tecnicas/6%20-%20TEKALAM/Fichas%20de%20seguridad/Ficha%20de%20seguridad%20de%20Tekalam%20-%20Espa%C3%B1ol.pdf","170020/LAM","COINCIDE_PUBLICADO"
"tekalam-caravaning","TEKALAM","caravaning","Caravaning","TEKALAM CARAVANING","LAM-TEK-CAR","Protector de madera. Evita resecamiento, humedad y podredumbre.","16.8","354.9","1 L | 5 L | 25 L","5.0","2","170020/LAM","Aplicar TEKALAM puro con brocha sobre madera seca y limpia. Dejar secar mínimo 24 horas. Dar segunda mano si es necesario.","Protección madera teca; Protección madera caravana; Prevención podredumbre","nautico; caravaning","Sí","https://grupolambea.com/producto/tekalam-caravaning-protector-de-madera-formula-especial-caravana-1-litro-resecamiento-humedad/","02-limpieza-caravanas/10-tekalam-caravaning","Sí","Sí","No","4","Gratis","~€4","No","","15655","TEKALAM CARAVANING - Protector de Madera - Fórmula especial Caravana – 1 Litro","1","variable","PRODUCTOS CARAVANING, PRODUCTOS CARAVANING > Protector madera caravaning","","","","https://grupolambea.com/wp-content/uploads/2021/09/20200202_133422.jpg, https://grupolambea.com/wp-content/uploads/2021/09/TEKALAM-CARAVANING-5L-ult.jpg, https://grupolambea.com/wp-content/uploads/2021/09/TEKALAM-CARAVANING-25L-ult.jpg, https://grupolambea.com/wp-content/uploads/2021/09/Teka-2-1.png","","https://grupolambea.com/wp-content/uploads/fichas-tecnicas/6%20-%20TEKALAM/Fichas%20de%20seguridad/Ficha%20de%20seguridad%20de%20Tekalam%20-%20Espa%C3%B1ol.pdf","170020/LAM","COINCIDE_PUBLICADO"
"tekalam-generico","TEKALAM","generico","Genérico","TEKALAM GENÉRICO","LAM-TEK-GEN","Protector de madera. Evita resecamiento, humedad y podredumbre.","16.8","354.9","1 L | 5 L | 25 L","5.0","2","170020/LAM","Aplicar TEKALAM puro con brocha sobre madera seca y limpia. Dejar secar mínimo 24 horas. Dar segunda mano si es necesario.","Protección madera teca; Protección madera caravana; Prevención podredumbre","nautico; caravaning","Sí","https://grupolambea.com/producto/tekalam-protector-de-madera-1-litro/","03-industriales/10-tekalam-industrial","Sí","Sí","No","4","Gratis","~€4","No","URL genérica — puede cubrir varias categorías","15743","TEKALAM - Protector de Madera – Disponible En 1 Litro, 5 Litros y 25 Litros","1","variable","PRODUCTOS INDUSTRIALES, PRODUCTOS INDUSTRIALES > Protector madera industrial","","","","https://grupolambea.com/wp-content/uploads/2021/09/20200202_133422.jpg, https://grupolambea.com/wp-content/uploads/2021/09/TEKALAM-5L-INDUSTRIAL-ult-1.jpg, https://grupolambea.com/wp-content/uploads/2021/09/TEKALAM-25L-INDUSTRIAL-ult-1.jpg, https://grupolambea.com/wp-content/uploads/2021/09/Teka-2.png","","https://grupolambea.com/wp-content/uploads/fichas-tecnicas/6%20-%20TEKALAM/Fichas%20de%20seguridad/Ficha%20de%20seguridad%20de%20Tekalam%20-%20Espa%C3%B1ol.pdf","170020/LAM","COINCIDE_PUBLICADO"
"hipiclam-especial","HIPICLAM","especial","Hípica","HIPICLAM — Sistema Anticaídas","LAM-HIP-001","Sistema anticaídas para hípica. Seguridad para jinetes.","1700.0","1700.0","Sistema completo","","","","","Niños; Adultos iniciados; Jinetes avanzados; Hipoterapia; Doma de potros; Turismo ecuestre","hipica","No","https://grupolambea.com/sistema-anticaidas-para-hipica/","04-anticaidas-hipica/01-hipiclam","Sí","Sí","No","9","Gratis","~€4","No","Venta consultiva — sin tienda online. Precio sin IVA.","16348","EQUIPO CON SISTEMA ANTICAÍDAS PARA LA HÍPICA  - Garantiza Que el Jinete no Caerá Nunca de su Caballo","-1","simple","HIPICLAM","890.00","890.00","","https://grupolambea.com/wp-content/uploads/2021/09/silla-montar-detalle-7.jpg, https://grupolambea.com/wp-content/uploads/2021/11/IMG_0463.jpg, https://grupolambea.com/wp-content/uploads/2021/09/silla-montar-4.jpg, https://grupolambea.com/wp-content/uploads/2021/09/silla-montar-detalle-6.jpg, https://grupolambea.com/wp-content/uploads/2021/09/silla-montar-detalle-9.jpg, https://grupolambea.com/wp-content/uploads/2021/09/silla-montar-detalle-5.jpg, https://grupolambea.com/wp-content/uploads/2021/09/wef-e1636369510686.jpg","https://grupolambea.com/wp-content/uploads/fichas-tecnicas/HIPICLAM/FICHA%20TECNICA%20HIPICLAM.pdf","","","COINCIDE_BORRADOR_⚠️PRECIO_LOCAL=1700.0_WC=890.00"
"disco-cuerda-rojo","DISCOS Y ABRASIVOS","abrasivo","Industrial","Disco de Cuerda Impregnación Roja","LAM-DSC-CRD","Disco de cuerda para pulido con impregnación roja. Alta calidad.","45.58","81.02","Paquetes de 5 o 10 unidades","","","","","Pulido profesional","industrial","No","https://grupolambea.com/producto/disco-de-cuerda-paquete-de-diez-impregnacion-roja/","05-discos-abrasivos/01-disco-cuerda-rojo","Sí","Sí","No","1","Gratis","~€4","No","Pack 5 o 10 unidades","15772","DISCO DE CUERDA IMPREGNACIÓN ROJA (Disponible en Paquetes de Cinco y Diez Unidades)","1","variable","DISCOS Y ABRASIVOS","","","","https://grupolambea.com/wp-content/uploads/2021/09/IMG_20210715_184745-scaled-1.jpg","","","","COINCIDE_PUBLICADO"
"disco-algodon-amarillo","DISCOS Y ABRASIVOS","abrasivo","Industrial","Disco de Algodón/Tela Impregnación Amarilla","LAM-DSC-AML","Disco de tela/algodón para pulido con impregnación amarilla. Alta calidad.","46.56","82.76","Paquetes de 5 o 10 unidades","","","","","Pulido profesional","industrial","No","https://grupolambea.com/producto/disco-amarillo-de-tela-impregnado-paquete-de-diez-impregnacion-amarilla/","05-discos-abrasivos/02-disco-algodon-amarillo","Sí","Sí","No","2","Gratis","~€4","No","Pack 5 o 10 unidades","15773","DISCO DE ALGODÓN IMPREGNACIÓN AMARILLA  (Disponible en Paquetes de Cinco y Diez Unidades)","1","variable","DISCOS Y ABRASIVOS","","","","https://grupolambea.com/wp-content/uploads/2021/09/1626367257606-1-scaled-1.jpg","","","","COINCIDE_PUBLICADO"
"PENDIENTE-01-inyeclam-diesel","PENDIENTE (01-inyeclam-diesel)","SIN URL","Caravaning","⚠️ 01-INYECLAM-DIESEL","","Sin URL capturada — verificar en WooCommerce","","","","","","","","","","?","⚠️ PENDIENTE URL","02-limpieza-caravanas/01-inyeclam-diesel","Sí","Sí","Sí","5","Gratis","~€4","No","Carpeta existe en catálogo pero URL no capturada en JSON. Completar con export WooCommerce.","15768","INYECLAM DIESEL - Aditivo Para Combustible - ESPECIAL PRE ITV -  Limpiador de Inyectores y Sistema de Alimentación Diesel","1","variable","PRODUCTOS CARAVANING > Limpiador inyectores diesel caravaning, Más vendidos, PRODUCTOS CARAVANING","","","","https://grupolambea.com/wp-content/uploads/2023/07/INYECLAM-DIESEL-250-ML-1.jpg, https://grupolambea.com/wp-content/uploads/2023/07/INYECLAM-DIESEL-250-ML-2-1.jpg, https://grupolambea.com/wp-content/uploads/2021/09/41b2rrBnxLL.jpg, https://grupolambea.com/wp-content/uploads/2021/09/Filtro-mas-sucio1.jpg, https://grupolambea.com/wp-content/uploads/2021/09/diesel.jpg","https://grupolambea.com/wp-content/uploads/2025/03/FICHA-TECNICA-INYECLAM-DIESEL-CARAVANING.pdf","","DRP19-0005580","URL_RECUPERADA_DE_WC"
"PENDIENTE-02-inyeclam-gasolina","PENDIENTE (02-inyeclam-gasolina)","SIN URL","Caravaning","⚠️ 02-INYECLAM-GASOLINA","","Sin URL capturada — verificar en WooCommerce","","","","","","","","","","?","⚠️ PENDIENTE URL","02-limpieza-caravanas/02-inyeclam-gasolina","Sí","Sí","Sí","0","Gratis","~€4","No","Carpeta existe en catálogo pero URL no capturada en JSON. Completar con export WooCommerce.","15767","INYECLAM GASOLINA - Aditivo Para Combustible ESPECIAL PRE ITV Limpiador de Inyectores y Sistema de Alimentación Gasolina","1","variable","PRODUCTOS CARAVANING > Limpiador inyectores gasolina caravaning, PRODUCTOS CARAVANING","","","","https://grupolambea.com/wp-content/uploads/2023/07/INYECLAM-GASOLINA-250-ML-1.jpg, https://grupolambea.com/wp-content/uploads/2023/07/INYECLAM-GASOLINA-250-ML-2-1.jpg, https://grupolambea.com/wp-content/uploads/2021/09/31JH0E4vdrL.jpg, https://grupolambea.com/wp-content/uploads/2021/09/gasolina.jpg","https://grupolambea.com/wp-content/uploads/2025/03/FICHA-TECNICA-INYECLAM-GASOLINA-CARAVANING.pdf","","DRP19-0005581","URL_RECUPERADA_DE_WC"
"PENDIENTE-05-manzalam-caravaning","PENDIENTE (05-manzalam-caravaning)","SIN URL","Caravaning","⚠️ 05-MANZALAM-CARAVANING","","Sin URL capturada — verificar en WooCommerce","","","","","","","","","","?","⚠️ PENDIENTE URL","02-limpieza-caravanas/05-manzalam-caravaning","Sí","Sí","Sí","0","Gratis","~€4","No","Carpeta existe en catálogo pero URL no capturada en JSON. Completar con export WooCommerce.","15650","MANZALAM CARAVANING  – Limpiador y Reparador Multiusos Concentrado – Limpia superficies de Acero Inoxidable Satinado y Elimina Restos de Cal y Oxido – Disponible en 1 Litro, 5 Litros, 25 Litros","1","variable","PRODUCTOS CARAVANING > Limpiadores superficies caravaning, PRODUCTOS CARAVANING","","","","https://grupolambea.com/wp-content/uploads/2021/09/20200202_133531.jpg, https://grupolambea.com/wp-content/uploads/2021/09/MANZALAM-CARAVANING-5L-ult.jpg, https://grupolambea.com/wp-content/uploads/2021/09/MANZALAM-25L-CARAVANING-ult.jpg, https://grupolambea.com/wp-content/uploads/2021/09/png.png, https://grupolambea.com/wp-content/uploads/2021/09/Cuina-caravana-3.png","https://grupolambea.com/wp-content/uploads/2025/03/FICHA-TECNICA-MANZALAM-CARAVANING.pdf","","180065/LAM","URL_RECUPERADA_DE_WC"
"PENDIENTE-14-gelcoatlam-fase-1","PENDIENTE (14-gelcoatlam-fase-1)","SIN URL","Caravaning","⚠️ 14-GELCOATLAM-FASE-1","","Sin URL capturada — verificar en WooCommerce","","","","","","","","","","?","⚠️ PENDIENTE URL","02-limpieza-caravanas/14-gelcoatlam-fase-1","Sí","Sí","Sí","0","Gratis","~€4","No","Carpeta existe en catálogo pero URL no capturada en JSON. Completar con export WooCommerce.","15659","GELCOATLAM FASE 1 - Pasta de Pulir - Pulimento de Fibra de vidrio (Gelcoat) de Alto Corte - Limpiador/Blanqueador para Fibra de Vidrio y Gelcoat – Especial Caravaning - 1 Kg","1","variable","PRODUCTOS CARAVANING > Gelcoat caravaning, Más vendidos, PRODUCTOS CARAVANING","","","","https://grupolambea.com/wp-content/uploads/2021/09/20200202_133828.jpg, https://grupolambea.com/wp-content/uploads/2021/09/Autocaravana-bruta-2.jpg","https://grupolambea.com/wp-content/uploads/2025/03/FICHA-TECNICA-GELCOATLAM-FASE-1-CARAVANING.pdf","","En proceso de gestión. Pida más info por mail","URL_RECUPERADA_DE_WC"
"PENDIENTE-15-gelcoatlam-fase-2","PENDIENTE (15-gelcoatlam-fase-2)","SIN URL","Caravaning","⚠️ 15-GELCOATLAM-FASE-2","","Sin URL capturada — verificar en WooCommerce","","","","","","","","","","?","⚠️ PENDIENTE URL","02-limpieza-caravanas/15-gelcoatlam-fase-2","Sí","Sí","Sí","2","Gratis","~€4","No","Carpeta existe en catálogo pero URL no capturada en JSON. Completar con export WooCommerce.","21617","GELCOATLAM FASE 2 - Pasta de Pulir – Pulimento Limpiador/Blanqueador de Fibra de Vidrio (Gelcoat) Acabado Súper Brillo – Especial Caravaning - 1 Kg","1","variable","PRODUCTOS CARAVANING > Gelcoat caravaning, Más vendidos, PRODUCTOS CARAVANING","","","","https://grupolambea.com/wp-content/uploads/2021/09/20200202_133828.jpg, https://grupolambea.com/wp-content/uploads/2021/09/Autocaravana-bruta-2.jpg","https://grupolambea.com/wp-content/uploads/2025/03/FICHA-TECNICA-GELCOATLAM-FASE-2-CARAVANING.pdf","","En proceso de gestión. Pida más info por mail","URL_RECUPERADA_DE_WC"
"PENDIENTE-01-inyeclam-diesel","PENDIENTE (01-inyeclam-diesel)","SIN URL","Industrial","⚠️ 01-INYECLAM-DIESEL","","Sin URL capturada — verificar en WooCommerce","","","","","","","","","","?","⚠️ PENDIENTE URL","03-industriales/01-inyeclam-diesel","Sí","Sí","Sí","5","Gratis","~€4","No","Carpeta existe en catálogo pero URL no capturada en JSON. Completar con export WooCommerce.","15766","INYECLAM DIESEL - Aditivo Para Combustible ESPECIAL PRE ITV Limpiador de Inyectores y Sistema de Alimentación Diesel - Disponible En 250 ml, 1 Litro","1","variable","PRODUCTOS INDUSTRIALES > Limpiador inyectores diesel, PRODUCTOS INDUSTRIALES","","","","https://grupolambea.com/wp-content/uploads/2023/07/INYECLAM-DIESEL-INDUSTRIAL-250-ML.jpg, https://grupolambea.com/wp-content/uploads/2023/07/INYECLAM-DIESEL-250-ML-2-1.jpg, https://grupolambea.com/wp-content/uploads/2021/09/41b2rrBnxLL.jpg, https://grupolambea.com/wp-content/uploads/2021/09/Filtro-mas-sucio1.jpg, https://grupolambea.com/wp-content/uploads/2021/09/diesel.jpg","https://grupolambea.com/wp-content/uploads/2025/03/FICHA-TECNICA-INYECLAM-DIESEL-INDUSTRIAL.pdf","","DRP19-0005580","URL_RECUPERADA_DE_WC"
"PENDIENTE-02-inyeclam-gasolina","PENDIENTE (02-inyeclam-gasolina)","SIN URL","Industrial","⚠️ 02-INYECLAM-GASOLINA","","Sin URL capturada — verificar en WooCommerce","","","","","","","","","","?","⚠️ PENDIENTE URL","03-industriales/02-inyeclam-gasolina","Sí","Sí","Sí","4","Gratis","~€4","No","Carpeta existe en catálogo pero URL no capturada en JSON. Completar con export WooCommerce.","15765","INYECLAM GASOLINA - Aditivo Para Combustible ESPECIAL PRE ITV Limpiador de Inyectores y Sistema de Alimentación Gasolina","1","variable","PRODUCTOS INDUSTRIALES > Limpiador inyectores gasolina, PRODUCTOS INDUSTRIALES","","","","https://grupolambea.com/wp-content/uploads/2023/07/INYECLAM-GASOLINA-INDUSTRIAL-250-ML.jpg, https://grupolambea.com/wp-content/uploads/2023/07/INYECLAM-GASOLINA-250-ML-2-1.jpg, https://grupolambea.com/wp-content/uploads/2021/09/31JH0E4vdrL.jpg, https://grupolambea.com/wp-content/uploads/2021/09/gasolina.jpg","https://grupolambea.com/wp-content/uploads/2025/03/FICHA-TECNICA-INYECLAM-GASOLINA-INDUSTRIAL.pdf","","DRP19-0005581","URL_RECUPERADA_DE_WC"
