"ID_lambea","Familia","Variante","Categoría_web","Nombre_completo","SKU_propuesto","Descripción_corta","Precio_desde_EUR","Precio_hasta_EUR","Formatos","Valoración","Num_valoraciones","Código_toxicología","Instrucciones_uso","Usos_principales","Aplicaciones","Promo_3x2","URL_web_oficial","Carpeta_local","Carpeta_existe","Ficha_producto_md","PDF_ficha_técnica","Num_imágenes_local","Envío_península","Envío_baleares","Bestseller","Notas"
"antideslilam-nautico","ANTIDESLILAM","nautico","Náutico","ANTIDESLILAM NÁUTICO","LAM-ANTI-NAU","Antideslizante para superficies deslizantes. Barniz especial.","20.5","41.0","400 ml","","","","","Evitar resbalones; Acabado de seguridad en superficies","nautico; caravaning; industrial","Sí","https://grupolambea.com/producto/antideslizante-nautico-antideslizante-para-superficies-deslizantes-formula-especial-nautica-400-ml/","01-limpieza-barcos/12-antideslizante-nautico","Sí","Sí","Sí","4","Gratis","~€4","No",""
"antideslilam-caravaning","ANTIDESLILAM","caravaning","Caravaning","ANTIDESLILAM CARAVANING","LAM-ANTI-CAR","Antideslizante para superficies deslizantes. Barniz especial.","20.5","41.0","400 ml","","","","","Evitar resbalones; Acabado de seguridad en superficies","nautico; caravaning; industrial","Sí","https://grupolambea.com/producto/antideslilam-caravaning-antideslizante-para-superficies-deslizantes-formula-especial-caravana-400-ml/","02-limpieza-caravanas/11-antideslizante-caravaning","Sí","Sí","Sí","4","Gratis","~€4","No",""
"antideslilam-generico","ANTIDESLILAM","generico","Genérico","ANTIDESLILAM GENÉRICO","LAM-ANTI-GEN","Antideslizante para superficies deslizantes. Barniz especial.","20.5","41.0","400 ml","","","","","Evitar resbalones; Acabado de seguridad en superficies","nautico; caravaning; industrial","Sí","https://grupolambea.com/producto/antideslilam-antideslizante-para-superficies-deslizantes-400-ml-barniz/","03-industriales/11-antideslizante-industrial","Sí","Sí","Sí","4","Gratis","~€4","No","URL genérica — puede cubrir varias categorías"
"decalam-nautico","DECALAM","nautico","Náutico","DECALAM NÁUTICO","LAM-DEC-NAU","Decapante en gel para soldaduras en acero inoxidable","33.4","66.8","1 kg","","","","","Limpieza de soldaduras inox; Eliminación oxidación por calor","nautico; industrial","Sí","https://grupolambea.com/producto/decalam-nautico-decapante-gel-para-soldaduras-en-acero-inoxidables-1-kg/","01-limpieza-barcos/08-decalam-nautico","Sí","Sí","Sí","3","Gratis","~€4","No",""
"decalam-generico","DECALAM","generico","Genérico","DECALAM GENÉRICO","LAM-DEC-GEN","Decapante en gel para soldaduras en acero inoxidable","33.4","66.8","1 kg","","","","","Limpieza de soldaduras inox; Eliminación oxidación por calor","nautico; industrial","Sí","https://grupolambea.com/producto/decalam-decapante-gel-para-soldaduras-en-acero-inoxidables-1kg-concentrado/","03-industriales/07-decalam-industrial","Sí","Sí","Sí","2","Gratis","~€4","No","URL genérica — puede cubrir varias categorías"
"desoxilam-nautico","DESOXILAM","nautico","Náutico","DESOXILAM NÁUTICO","LAM-DESOXI-NAU","Desoxidante enérgico concentrado con efecto pasivante","7.5","391.0","125 ml | 250 ml | 500 ml | 1 L | 5 L | 25 L","5.0","7","180025/LAM","Aplicar puro o diluido (1:4 con agua). Dejar actuar 1-3 minutos y aclarar. No dejar secar.","Eliminar óxido; Eliminar cal; Eliminar incrustaciones; Desoxidación de metales","nautico; caravaning; industrial","Sí","https://grupolambea.com/producto/desoxilam-nautico-desoxidante-energico-con-efecto-pasivante-no-efecta-a-plasticos-pintura-y-otras-instalaciones-1-litro-desincrustante-barco/","01-limpieza-barcos/03-desoxilam-nautico","Sí","Sí","Sí","6","Gratis","~€4","Sí",""
"desoxilam-caravaning","DESOXILAM","caravaning","Caravaning","DESOXILAM CARAVANING","LAM-DESOXI-CAR","Desoxidante enérgico concentrado con efecto pasivante","7.5","391.0","125 ml | 250 ml | 500 ml | 1 L | 5 L | 25 L","5.0","7","180025/LAM","Aplicar puro o diluido (1:4 con agua). Dejar actuar 1-3 minutos y aclarar. No dejar secar.","Eliminar óxido; Eliminar cal; Eliminar incrustaciones; Desoxidación de metales","nautico; caravaning; industrial","Sí","https://grupolambea.com/producto/desoxilam-caravaning-desoxidante-energico-con-efecto-pasivante-no-efecta-a-plasticos-pintura-y-otras-instalaciones-1-litro-desincrustante-caravana/","02-limpieza-caravanas/03-desoxilam-caravaning","Sí","Sí","Sí","11","Gratis","~€4","Sí",""
"desoxilam-generico","DESOXILAM","generico","Genérico","DESOXILAM GENÉRICO","LAM-DESOXI-GEN","Desoxidante enérgico concentrado con efecto pasivante","7.5","391.0","125 ml | 250 ml | 500 ml | 1 L | 5 L | 25 L","5.0","7","180025/LAM","Aplicar puro o diluido (1:4 con agua). Dejar actuar 1-3 minutos y aclarar. No dejar secar.","Eliminar óxido; Eliminar cal; Eliminar incrustaciones; Desoxidación de metales","nautico; caravaning; industrial","Sí","https://grupolambea.com/producto/desoxilam-desoxidante-energico-con-efecto-pasivante-no-efecta-a-plasticos-pintura-y-otras-instalaciones-1-litro-desincrustante-concentrado/","03-industriales/03-desoxilam-industrial","Sí","Sí","Sí","12","Gratis","~€4","Sí","URL genérica — puede cubrir varias categorías"
"fibralam-nautico","FIBRALAM","nautico","Náutico","FIBRALAM NÁUTICO","LAM-FIB-NAU","Limpiador y blanqueador 2 en 1 para fibra de vidrio y gelcoat","17.5","371.87","1 L | 5 L | 25 L","5.0","1","170177/LAM","Diluir 1:7 (o 1:4 en superficies muy sucias). Aplicar con fregona, cepillo o manopla. Esperar 15 min y aclarar.","Limpieza cascos barcos; Blanqueado gelcoat; Limpieza cubiertas","nautico; caravaning","Sí","https://grupolambea.com/producto/fibralam-nautico-limpiador-y-blanqueador-2-en-1-para-fibra-de-vidrio-y-gelcoat-especial-cascos-de-barcos-1-litro-barco/","01-limpieza-barcos/04-fibralam-nautico","Sí","Sí","Sí","4","Gratis","~€4","No",""
"fibralam-caravaning","FIBRALAM","caravaning","Caravaning","FIBRALAM CARAVANING","LAM-FIB-CAR","Limpiador y blanqueador 2 en 1 para fibra de vidrio y gelcoat","17.5","371.87","1 L | 5 L | 25 L","5.0","1","170177/LAM","Diluir 1:7 (o 1:4 en superficies muy sucias). Aplicar con fregona, cepillo o manopla. Esperar 15 min y aclarar.","Limpieza cascos barcos; Blanqueado gelcoat; Limpieza cubiertas","nautico; caravaning","Sí","https://grupolambea.com/producto/fibralam-caravaning-limpiador-y-blanqueador-2-en-1-para-fibra-de-vidro-gelcoat-1-litro-caravana/","02-limpieza-caravanas/04-fibralam-caravaning","Sí","Sí","Sí","0","Gratis","~€4","No",""
"fosslam-nautico","FOSSLAM","nautico","Náutico","FOSSLAM NÁUTICO","LAM-FOSS-NAU","Limpiador de inodoros químicos y WC portátiles 4 en 1","29.0","688.75","1 L | 5 L | 25 L","5.0","2","","Añadir 50-100 ml por cada 10 litros de capacidad del depósito. Verter 2 litros de agua en el depósito.","Inodoros químicos; WC portátiles; Fosas sépticas; Eliminación de olores","nautico; caravaning; industrial","Sí","https://grupolambea.com/producto/fosslam-nautico-limpiador-de-inodoros-quimicos-y-vater-wc-portatiles-4-en-1-1-litro-concentrado-especial-nautica-concentrado/","01-limpieza-barcos/10-fosslam-nautico","Sí","Sí","Sí","7","Gratis","~€4","No",""
"fosslam-caravaning","FOSSLAM","caravaning","Caravaning","FOSSLAM CARAVANING","LAM-FOSS-CAR","Limpiador de inodoros químicos y WC portátiles 4 en 1","29.0","688.75","1 L | 5 L | 25 L","5.0","2","","Añadir 50-100 ml por cada 10 litros de capacidad del depósito. Verter 2 litros de agua en el depósito.","Inodoros químicos; WC portátiles; Fosas sépticas; Eliminación de olores","nautico; caravaning; industrial","Sí","https://grupolambea.com/producto/fosslam-caravaning-limpiador-de-inodoros-quimicos-y-vater-wc-portatiles-4-en-1-1-litro-concentrado/","02-limpieza-caravanas/09-fosslam-caravaning","Sí","Sí","Sí","7","Gratis","~€4","No",""
"fosslam-generico","FOSSLAM","generico","Genérico","FOSSLAM GENÉRICO","LAM-FOSS-GEN","Limpiador de inodoros químicos y WC portátiles 4 en 1","29.0","688.75","1 L | 5 L | 25 L","5.0","2","","Añadir 50-100 ml por cada 10 litros de capacidad del depósito. Verter 2 litros de agua en el depósito.","Inodoros químicos; WC portátiles; Fosas sépticas; Eliminación de olores","nautico; caravaning; industrial","Sí","https://grupolambea.com/producto/fosslam-limpiador-de-inodoros-quimicos-y-vater-wc-portatiles-4-en-1-1-litro-concentrado/","03-industriales/09-fosslam-industrial","Sí","Sí","Sí","8","Gratis","~€4","No","URL genérica — puede cubrir varias categorías"
"gelcoatlam-fase-1-nautico","GELCOATLAM","fase_1/nautico","Náutico","GELCOATLAM FASE 1 NÁUTICO","LAM-GEL-F1-NAU","Pasta de pulir de alto corte para fibra de vidrio y gelcoat","30.0","60.0","1 kg","5.0","2","","Lijar superficie con lija 2000/2500/3000. Agitar el producto. Aplicar con disco recomendado. Seguir con Gelcoatlam Fase 2.","Pulido fibra vidrio; Restauración gelcoat; Alto corte","nautico; caravaning","Sí","https://grupolambea.com/producto/gelcoatlam-fase-1-pasta-de-pulir-pulimento-de-fibra-de-vidro-gelcoat-de-alto-corte-limpiador-blanqueador-para-fibra-de-vidrio-y-gelcoat-especial-nautico-1-kg/","01-limpieza-barcos/17-gelcoatlam-fase-1","Sí","Sí","Sí","4","Gratis","~€4","No","Fórmula válida también Caravaning"
"gelcoatlam-fase-1-caravaning","GELCOATLAM","fase_1/caravaning","Caravaning","GELCOATLAM FASE 1 CARAVANING","LAM-GEL-F1-CAR","Pasta de pulir de alto corte para fibra de vidrio y gelcoat","30.0","60.0","1 kg","5.0","2","","Lijar superficie con lija 2000/2500/3000. Agitar el producto. Aplicar con disco recomendado. Seguir con Gelcoatlam Fase 2.","Pulido fibra vidrio; Restauración gelcoat; Alto corte","nautico; caravaning","Sí","","02-limpieza-caravanas/15-gelcoatlam-fase-1","No","No","No","0","Gratis","~€4","No","URL no en JSON — verificar WooCommerce"
"gelcoatlam-fase-2-nautico","GELCOATLAM","fase_2/nautico","Náutico","GELCOATLAM FASE 2 NÁUTICO","LAM-GEL-F2-NAU","Pasta de pulir acabado superbrillo para fibra de vidrio y gelcoat","30.0","60.0","1 kg","","","","","Acabado superbrillo; Pulido final fibra vidrio","nautico","Sí","https://grupolambea.com/producto/gelcoatlam-fase-2-pasta-de-pulir-pulimento-limpiador-blanqueador-de-fibra-de-vidrio-gelcoat-acabado-super-brillo-especial-nautica-1-kg/","01-limpieza-barcos/18-gelcoatlam-fase-2","Sí","Sí","Sí","4","Gratis","~€4","No",""
"inyeclam_diesel-pre_itv","INYECLAM DIESEL","pre_itv","PRE-ITV","INYECLAM DIESEL PRE-ITV","LAM-INYD-PRE","Aditivo para combustible diésel. Limpiador de inyectores y sistema de alimentación.","18.0","104.0","250 ml | 1 L","5.0","5","DRP19-0005580","Añadir 250 ml por depósito (con ~15 L restantes). Repetir cada 10.000 km.","Limpieza inyectores diésel; Preparación ITV; Reducción consumo; Recuperación potencia","nautico; caravaning; industrial","Sí","https://grupolambea.com/producto/inyeclam-diesel-aditivo-para-combustible-especial-pre-itv-limpiador-de-inyectores-y-sistema-de-alimentacion-diesel/","01-limpieza-barcos/01-inyeclam-diesel","Sí","Sí","Sí","5","Gratis","~€4","Sí","Versión especial PRE-ITV"
"inyeclam_diesel-nautico","INYECLAM DIESEL","nautico","Náutico","INYECLAM DIESEL NÁUTICO","LAM-INYD-NAU","Aditivo para combustible diésel. Limpiador de inyectores y sistema de alimentación.","18.0","104.0","250 ml | 1 L","5.0","5","DRP19-0005580","Añadir 250 ml por depósito (con ~15 L restantes). Repetir cada 10.000 km.","Limpieza inyectores diésel; Preparación ITV; Reducción consumo; Recuperación potencia","nautico; caravaning; industrial","Sí","https://grupolambea.com/producto/inyeclam-diesel-aditivo-para-combustible-limpiador-de-inyectores-y-sistema-de-alimentacion-diesel/","01-limpieza-barcos/01-inyeclam-diesel","Sí","Sí","Sí","5","Gratis","~€4","Sí",""
"inyeclam_gasolina-pre_itv","INYECLAM GASOLINA","pre_itv","PRE-ITV","INYECLAM GASOLINA PRE-ITV","LAM-INYG-PRE","Aditivo para combustible gasolina. Limpiador de inyectores y sistema de alimentación.","18.0","104.0","250 ml | 1 L","5.0","3","","Añadir 250 ml por depósito (con ~15 L restantes). Repetir cada 10.000 km.","","nautico; caravaning; industrial","Sí","https://grupolambea.com/producto/inyeclam-gasolina-aditivo-para-combustible-especial-pre-itv-limpiador-de-inyectores-y-sistema-de-alimentacion-gasolina/","01-limpieza-barcos/02-inyeclam-gasolina","Sí","Sí","Sí","4","Gratis","~€4","No","Versión especial PRE-ITV"
"inyeclam_gasolina-nautico","INYECLAM GASOLINA","nautico","Náutico","INYECLAM GASOLINA NÁUTICO","LAM-INYG-NAU","Aditivo para combustible gasolina. Limpiador de inyectores y sistema de alimentación.","18.0","104.0","250 ml | 1 L","5.0","3","","Añadir 250 ml por depósito (con ~15 L restantes). Repetir cada 10.000 km.","","nautico; caravaning; industrial","Sí","https://grupolambea.com/producto/inyeclam-gasolina-aditivo-para-combustible-limpiador-de-inyectores-y-sistema-de-alimentacion-gasolina/","01-limpieza-barcos/02-inyeclam-gasolina","Sí","Sí","Sí","4","Gratis","~€4","No",""
"manzalam-nautico","MANZALAM","nautico","Náutico","MANZALAM NÁUTICO","LAM-MAN-NAU","Limpiador y reparador multiusos ecológico. Base de vinagre de manzana.","18.0","382.0","1 L | 5 L | 25 L","4.75","4","180065/LAM","Diluir 1:4 para uso normal, hasta 1:7. Aplicar, esperar 4-6 min, fregar con cepillo suave y aclarar. Para residuos difíciles: dilución 1:1.","Limpieza acero inoxidable; Eliminación cal y óxido; Limpieza multiusos ecológica","nautico; caravaning; industrial","Sí","https://grupolambea.com/producto/manzalam-nautico-limpiador-y-reparador-multiusos-limpia-superficies-de-acero-inoxidable-satinado-y-elimina-restos-de-cal-y-oxido-1-litro-concentrado/","01-limpieza-barcos/05-manzalam-nautico","Sí","Sí","Sí","5","Gratis","~€4","No",""
"manzalam-industrial","MANZALAM","industrial","Industrial","MANZALAM INDUSTRIAL","LAM-MAN-IND","Limpiador y reparador multiusos ecológico. Base de vinagre de manzana.","18.0","382.0","1 L | 5 L | 25 L","4.75","4","180065/LAM","Diluir 1:4 para uso normal, hasta 1:7. Aplicar, esperar 4-6 min, fregar con cepillo suave y aclarar. Para residuos difíciles: dilución 1:1.","Limpieza acero inoxidable; Eliminación cal y óxido; Limpieza multiusos ecológica","nautico; caravaning; industrial","Sí","https://grupolambea.com/producto/manzalam-industriales-limpiador-y-reparador-multiusos-limpia-superficies-de-acero-inoxidable-satinado-y-elimina-restos-de-cal-y-oxido-1-litro-concentrado/","03-industriales/04-manzalam-industrial","Sí","Sí","Sí","7","Gratis","~€4","No","URL específica industrial; Caravaning puede compartirla"
"manzalam-generico","MANZALAM","generico","Genérico","MANZALAM GENÉRICO","LAM-MAN-GEN","Limpiador y reparador multiusos ecológico. Base de vinagre de manzana.","18.0","382.0","1 L | 5 L | 25 L","4.75","4","180065/LAM","Diluir 1:4 para uso normal, hasta 1:7. Aplicar, esperar 4-6 min, fregar con cepillo suave y aclarar. Para residuos difíciles: dilución 1:1.","Limpieza acero inoxidable; Eliminación cal y óxido; Limpieza multiusos ecológica","nautico; caravaning; industrial","Sí","https://grupolambea.com/producto/manzalam-limpiador-y-reparador-multiusos-limpia-superficies-de-acero-inoxidable-satinado-y-elimina-restos-de-cal-y-oxido-1-litro-concentrado/","03-industriales/04-manzalam-industrial","Sí","Sí","Sí","7","Gratis","~€4","No","URL genérica — puede cubrir varias categorías"
"motorlam-nautico","MOTORLAM","nautico","Náutico","MOTORLAM NÁUTICO","LAM-MOT-NAU","Desengrasante de motores de alto rendimiento con efecto desodorante","18.15","385.68","1 L | 5 L | 25 L","5.0","2","170190/LAM","Aplicar por pulverización, pincel o inmersión. Dejar actuar unos minutos y aclarar con agua. Diluible 1:4 o 1:7.","Limpieza motores; Desengrase; Limpieza sentinas; Eliminación olores","nautico; caravaning; industrial","Sí","https://grupolambea.com/producto/motorlam-nautico-desengrasante-de-motores-de-alto-rendimiento-con-efecto-desodorante-formula-especial-nautica-1-litro-concentrado/","01-limpieza-barcos/06-motorlam-nautico","Sí","Sí","Sí","0","Gratis","~€4","No",""
"motorlam-caravaning","MOTORLAM","caravaning","Caravaning","MOTORLAM CARAVANING","LAM-MOT-CAR","Desengrasante de motores de alto rendimiento con efecto desodorante","18.15","385.68","1 L | 5 L | 25 L","5.0","2","170190/LAM","Aplicar por pulverización, pincel o inmersión. Dejar actuar unos minutos y aclarar con agua. Diluible 1:4 o 1:7.","Limpieza motores; Desengrase; Limpieza sentinas; Eliminación olores","nautico; caravaning; industrial","Sí","https://grupolambea.com/producto/motorlam-caravaning-desengrasante-de-motores-de-alto-rendimiento-con-efecto-desodorante-formula-especial-caravaning-1-litro-caravana-concentrao/","02-limpieza-caravanas/06-motorlam-caravaning","Sí","Sí","Sí","6","Gratis","~€4","No",""
"motorlam-generico","MOTORLAM","generico","Genérico","MOTORLAM GENÉRICO","LAM-MOT-GEN","Desengrasante de motores de alto rendimiento con efecto desodorante","18.15","385.68","1 L | 5 L | 25 L","5.0","2","170190/LAM","Aplicar por pulverización, pincel o inmersión. Dejar actuar unos minutos y aclarar con agua. Diluible 1:4 o 1:7.","Limpieza motores; Desengrase; Limpieza sentinas; Eliminación olores","nautico; caravaning; industrial","Sí","https://grupolambea.com/producto/motorlam-desengrasante-de-motores-de-alto-rendimiento-con-efecto-desodorante-1-litro-concentrado/","03-industriales/05-motorlam-industrial","Sí","Sí","Sí","6","Gratis","~€4","No","URL genérica — puede cubrir varias categorías"
"pasta_rosa_superbrillo-nautico","PASTA ROSA SUPERBRILLO","nautico","Náutico","PASTA ROSA SUPERBRILLO NÁUTICO","LAM-PROSA-NAU","Pulimento para metales. Desbastar a máquina. Primer paso.","10.15","33.8","líquida","","","","","Pulido metales a máquina; Primer paso pulido; Desbastado metales","nautico; industrial","Sí","https://grupolambea.com/producto/pasta-rosa-superbrillo-nautica-pulimento-para-metales-desbastar-a-maquina-formula-especial-nautica-liquida-pulir-metales/","01-limpieza-barcos/15-pasta-rosa-superbrillo","Sí","Sí","Sí","12","Gratis","~€4","No",""
"pasta_rosa_superbrillo-generico","PASTA ROSA SUPERBRILLO","generico","Genérico","PASTA ROSA SUPERBRILLO GENÉRICO","LAM-PROSA-GEN","Pulimento para metales. Desbastar a máquina. Primer paso.","10.15","33.8","líquida","","","","","Pulido metales a máquina; Primer paso pulido; Desbastado metales","nautico; industrial","Sí","https://grupolambea.com/producto/pasta-rosa-superbrillo-pulimento-para-metales-desbastar-a-maquina-1-kg/","03-industriales/14-pasta-rosa-superbrillo","Sí","Sí","Sí","10","Gratis","~€4","No","URL genérica — puede cubrir varias categorías"
"pasta_verde_superbrillo-nautico","PASTA VERDE SUPERBRILLO","nautico","Náutico","PASTA VERDE SUPERBRILLO NÁUTICO","LAM-PVERDE-NAU","Pulimento para metales. Superbrillo a máquina. Segundo paso.","7.9","84.0","","","","","","Pulido metales a máquina; Acabado superbrillo; Segundo paso pulido","nautico; industrial","Sí","https://grupolambea.com/producto/pasta-verde-superbrillo-nautica-pulimento-para-metales-superbrillo-a-maquina-formula-especial-nautica-1-kg-pulir/","01-limpieza-barcos/16-pasta-verde-superbrillo","Sí","Sí","Sí","12","Gratis","~€4","No",""
"pasta_verde_superbrillo-generico","PASTA VERDE SUPERBRILLO","generico","Genérico","PASTA VERDE SUPERBRILLO GENÉRICO","LAM-PVERDE-GEN","Pulimento para metales. Superbrillo a máquina. Segundo paso.","7.9","84.0","","","","","","Pulido metales a máquina; Acabado superbrillo; Segundo paso pulido","nautico; industrial","Sí","https://grupolambea.com/producto/pasta-pulir-liquida-verde-brillo-pulimento-para-metales-superbrillo-a-maquina-1-kg/","03-industriales/15-pasta-verde-superbrillo","Sí","Sí","Sí","0","Gratis","~€4","No","URL genérica — puede cubrir varias categorías"
"plastilam-nautico","PLASTILAM","nautico","Náutico","PLASTILAM NÁUTICO","LAM-PLAS-NAU","Pulimento para plásticos. Restaura faros, ventanillas y plásticos.","10.5","63.0","1 kg","","","","","Pulido faros; Restauración plásticos; Limpieza ventanillas","nautico; caravaning; industrial","Sí","https://grupolambea.com/producto/pasta-pulir-plastilam-nautico-pulimento-para-plasticos-limpia-cupulas-escotillas-parabrisas-y-demas-plasticos-1-kg/","01-limpieza-barcos/14-plastilam-nautico","Sí","Sí","Sí","4","Gratis","~€4","No",""
"plastilam-caravaning","PLASTILAM","caravaning","Caravaning","PLASTILAM CARAVANING","LAM-PLAS-CAR","Pulimento para plásticos. Restaura faros, ventanillas y plásticos.","10.5","63.0","1 kg","","","","","Pulido faros; Restauración plásticos; Limpieza ventanillas","nautico; caravaning; industrial","Sí","https://grupolambea.com/producto/plastilam-caravaning-pulimento-para-plasticos-limpia-ventanillas-faros-demas-plasticos-1-kg-caravana-pasta-pulir-caravana/","02-limpieza-caravanas/13-plastilam-caravaning","Sí","Sí","Sí","8","Gratis","~€4","No",""
"plastilam-generico","PLASTILAM","generico","Genérico","PLASTILAM GENÉRICO","LAM-PLAS-GEN","Pulimento para plásticos. Restaura faros, ventanillas y plásticos.","10.5","63.0","1 kg","","","","","Pulido faros; Restauración plásticos; Limpieza ventanillas","nautico; caravaning; industrial","Sí","https://grupolambea.com/producto/plastilam-pulimento-para-plasticos-1-kg-pasta-pulir-plasticos-faros/","03-industriales/13-plastilam-industrial","Sí","Sí","Sí","7","Gratis","~€4","No","URL genérica — puede cubrir varias categorías"
"proteclam-nautico","PROTECLAM","nautico","Náutico","PROTECLAM NÁUTICO","LAM-PROT-NAU","Limpiador y abrillantador con siliconas. Anti-huella y repelente del polvo.","14.7","569.5","500 ml | 1 L | 5 L | 25 L","5.0","3","180380/LAM","Pulverizar uniformemente sobre la superficie a ~20 cm. Esperar unos minutos. Pasar paño suave.","Abrillantado superficies; Protección anti-huella; Repelente polvo","nautico; caravaning; industrial","Sí","https://grupolambea.com/producto/proteclam-nautico-limpiador-y-abrillantador-con-siliconas-para-superficies-lisas-y-satina-repelente-polvodas-1-litro/","01-limpieza-barcos/07-proteclam-nautico","Sí","Sí","Sí","4","Gratis","~€4","No",""
"proteclam-generico","PROTECLAM","generico","Genérico","PROTECLAM GENÉRICO","LAM-PROT-GEN","Limpiador y abrillantador con siliconas. Anti-huella y repelente del polvo.","14.7","569.5","500 ml | 1 L | 5 L | 25 L","5.0","3","180380/LAM","Pulverizar uniformemente sobre la superficie a ~20 cm. Esperar unos minutos. Pasar paño suave.","Abrillantado superficies; Protección anti-huella; Repelente polvo","nautico; caravaning; industrial","Sí","https://grupolambea.com/producto/proteclam-limpiador-y-abrillantador-con-siliconas-para-superficies-lisas-y-satinadas-1-litro/","03-industriales/06-proteclam-industrial","Sí","Sí","Sí","5","Gratis","~€4","No","URL genérica — puede cubrir varias categorías"
"proteclam-caravaning","PROTECLAM","caravaning","Caravaning","PROTECLAM CARAVANING","LAM-PROT-CAR","Limpiador y abrillantador con siliconas. Anti-huella y repelente del polvo.","14.7","569.5","500 ml | 1 L | 5 L | 25 L","5.0","3","180380/LAM","Pulverizar uniformemente sobre la superficie a ~20 cm. Esperar unos minutos. Pasar paño suave.","Abrillantado superficies; Protección anti-huella; Repelente polvo","nautico; caravaning; industrial","Sí","https://grupolambea.com/producto/limpiador-y-abrillantador-repelente-del-polvo/","02-limpieza-caravanas/07-proteclam-caravaning","Sí","Sí","Sí","3","Gratis","~€4","No",""
"pulimento_superbrillo-nautico","PULIMENTO SUPERBRILLO","nautico","Náutico","PULIMENTO SUPERBRILLO NÁUTICO","LAM-PUL-NAU","Pulimento para metales a mano. Brillo espejo.","7.9","84.0","500 g","","","","","Pulido metales a mano; Brillo espejo; Eliminar velos metálicos","nautico; caravaning; industrial","Sí","https://grupolambea.com/producto/pulimento-superbrillo-nautico-para-metales-a-mano-pule-limpia-abrillanta-elimina-velos-de-todo-tipo-de-metales-dejando-brillo-espejo-500-gr-pasta-barco/","01-limpieza-barcos/13-pulimento-superbrillo-mano","Sí","Sí","Sí","1","Gratis","~€4","No",""
"pulimento_superbrillo-caravaning","PULIMENTO SUPERBRILLO","caravaning","Caravaning","PULIMENTO SUPERBRILLO CARAVANING","LAM-PUL-CAR","Pulimento para metales a mano. Brillo espejo.","7.9","84.0","500 g","","","","","Pulido metales a mano; Brillo espejo; Eliminar velos metálicos","nautico; caravaning; industrial","Sí","https://grupolambea.com/producto/pulimento-superbrillo-caravaning-para-metales-a-mano-pule-limpia-abrillanta-elimina-velos-de-todo-tipo-de-metales-dejando-brillo-espejo-500-gr-pasta-caravana/","02-limpieza-caravanas/12-pulimento-superbrillo-mano","Sí","Sí","Sí","15","Gratis","~€4","No",""
"pulimento_superbrillo-generico","PULIMENTO SUPERBRILLO","generico","Genérico","PULIMENTO SUPERBRILLO GENÉRICO","LAM-PUL-GEN","Pulimento para metales a mano. Brillo espejo.","7.9","84.0","500 g","","","","","Pulido metales a mano; Brillo espejo; Eliminar velos metálicos","nautico; caravaning; industrial","Sí","https://grupolambea.com/producto/pasta-de-pulir-pulimento-superbrillo-para-metales-a-mano-pule-limpia-abrillanta-elimina-velos-de-todo-tipo-de-metales-dejando-brillo-espejo-500-gr/","03-industriales/12-pulimento-superbrillo-mano","Sí","Sí","Sí","7","Gratis","~€4","No","URL genérica — puede cubrir varias categorías"
"tapilam-nautico","TAPILAM","nautico","Náutico","TAPILAM NÁUTICO","LAM-TAP-NAU","Limpiador concentrado para moquetas y tapicerías","17.9","380.37","1 L | 5 L | 25 L","5.0","2","DRP19-0005578","Manual: diluir 1:10, aplicar con esponja/cepillo. Máquina: diluir 1:15. Generar espuma, dejar secar y aspirar residuos.","Limpieza moquetas; Limpieza tapicerías; Limpieza asientos barco","nautico; caravaning; industrial","Sí","https://grupolambea.com/producto/tapilam-nautico-limpiador-para-moquetas-y-tapicerias-formula-especial-nautica-1-litro-concentrado/","01-limpieza-barcos/09-tapilam-nautico","Sí","Sí","Sí","5","Gratis","~€4","No",""
"tapilam-caravaning","TAPILAM","caravaning","Caravaning","TAPILAM CARAVANING","LAM-TAP-CAR","Limpiador concentrado para moquetas y tapicerías","17.9","380.37","1 L | 5 L | 25 L","5.0","2","DRP19-0005578","Manual: diluir 1:10, aplicar con esponja/cepillo. Máquina: diluir 1:15. Generar espuma, dejar secar y aspirar residuos.","Limpieza moquetas; Limpieza tapicerías; Limpieza asientos barco","nautico; caravaning; industrial","Sí","https://grupolambea.com/producto/tapilam-caravaning-limpiador-para-moquetas-y-tapicerias-formula-especial-caravana-1-litro/","02-limpieza-caravanas/08-tapilam-caravaning","Sí","Sí","Sí","0","Gratis","~€4","No",""
"tapilam-generico","TAPILAM","generico","Genérico","TAPILAM GENÉRICO","LAM-TAP-GEN","Limpiador concentrado para moquetas y tapicerías","17.9","380.37","1 L | 5 L | 25 L","5.0","2","DRP19-0005578","Manual: diluir 1:10, aplicar con esponja/cepillo. Máquina: diluir 1:15. Generar espuma, dejar secar y aspirar residuos.","Limpieza moquetas; Limpieza tapicerías; Limpieza asientos barco","nautico; caravaning; industrial","Sí","https://grupolambea.com/producto/tapilam-limpiador-para-moquetas-y-tapicerisa-1-litro-concentrado/","03-industriales/08-tapilam-industrial","Sí","Sí","Sí","7","Gratis","~€4","No","URL genérica — puede cubrir varias categorías"
"tekalam-nautico","TEKALAM","nautico","Náutico","TEKALAM NÁUTICO","LAM-TEK-NAU","Protector de madera. Evita resecamiento, humedad y podredumbre.","16.8","354.9","1 L | 5 L | 25 L","5.0","2","170020/LAM","Aplicar TEKALAM puro con brocha sobre madera seca y limpia. Dejar secar mínimo 24 horas. Dar segunda mano si es necesario.","Protección madera teca; Protección madera caravana; Prevención podredumbre","nautico; caravaning","Sí","https://grupolambea.com/producto/tekalam-nautico-protector-de-madera-formula-especial-nautica-1-litro-aceite-cubierta/","01-limpieza-barcos/11-tekalam-nautico","Sí","Sí","No","4","Gratis","~€4","No",""
"tekalam-caravaning","TEKALAM","caravaning","Caravaning","TEKALAM CARAVANING","LAM-TEK-CAR","Protector de madera. Evita resecamiento, humedad y podredumbre.","16.8","354.9","1 L | 5 L | 25 L","5.0","2","170020/LAM","Aplicar TEKALAM puro con brocha sobre madera seca y limpia. Dejar secar mínimo 24 horas. Dar segunda mano si es necesario.","Protección madera teca; Protección madera caravana; Prevención podredumbre","nautico; caravaning","Sí","https://grupolambea.com/producto/tekalam-caravaning-protector-de-madera-formula-especial-caravana-1-litro-resecamiento-humedad/","02-limpieza-caravanas/10-tekalam-caravaning","Sí","Sí","No","4","Gratis","~€4","No",""
"tekalam-generico","TEKALAM","generico","Genérico","TEKALAM GENÉRICO","LAM-TEK-GEN","Protector de madera. Evita resecamiento, humedad y podredumbre.","16.8","354.9","1 L | 5 L | 25 L","5.0","2","170020/LAM","Aplicar TEKALAM puro con brocha sobre madera seca y limpia. Dejar secar mínimo 24 horas. Dar segunda mano si es necesario.","Protección madera teca; Protección madera caravana; Prevención podredumbre","nautico; caravaning","Sí","https://grupolambea.com/producto/tekalam-protector-de-madera-1-litro/","03-industriales/10-tekalam-industrial","Sí","Sí","No","4","Gratis","~€4","No","URL genérica — puede cubrir varias categorías"
"hipiclam-especial","HIPICLAM","especial","Hípica","HIPICLAM — Sistema Anticaídas","LAM-HIP-001","Sistema anticaídas para hípica. Seguridad para jinetes.","1700.0","1700.0","Sistema completo","","","","","Niños; Adultos iniciados; Jinetes avanzados; Hipoterapia; Doma de potros; Turismo ecuestre","hipica","No","https://grupolambea.com/sistema-anticaidas-para-hipica/","04-anticaidas-hipica/01-hipiclam","Sí","Sí","No","9","Gratis","~€4","No","Venta consultiva — sin tienda online. Precio sin IVA."
"disco-cuerda-rojo","DISCOS Y ABRASIVOS","abrasivo","Industrial","Disco de Cuerda Impregnación Roja","LAM-DSC-CRD","Disco de cuerda para pulido con impregnación roja. Alta calidad.","45.58","81.02","Paquetes de 5 o 10 unidades","","","","","Pulido profesional","industrial","No","https://grupolambea.com/producto/disco-de-cuerda-paquete-de-diez-impregnacion-roja/","05-discos-abrasivos/01-disco-cuerda-rojo","Sí","Sí","No","1","Gratis","~€4","No","Pack 5 o 10 unidades"
"disco-algodon-amarillo","DISCOS Y ABRASIVOS","abrasivo","Industrial","Disco de Algodón/Tela Impregnación Amarilla","LAM-DSC-AML","Disco de tela/algodón para pulido con impregnación amarilla. Alta calidad.","46.56","82.76","Paquetes de 5 o 10 unidades","","","","","Pulido profesional","industrial","No","https://grupolambea.com/producto/disco-amarillo-de-tela-impregnado-paquete-de-diez-impregnacion-amarilla/","05-discos-abrasivos/02-disco-algodon-amarillo","Sí","Sí","No","2","Gratis","~€4","No","Pack 5 o 10 unidades"
"PENDIENTE-01-inyeclam-diesel","PENDIENTE (01-inyeclam-diesel)","SIN URL","Caravaning","⚠️ 01-INYECLAM-DIESEL","","Sin URL capturada — verificar en WooCommerce","","","","","","","","","","?","⚠️ PENDIENTE URL","02-limpieza-caravanas/01-inyeclam-diesel","Sí","Sí","Sí","5","Gratis","~€4","No","Carpeta existe en catálogo pero URL no capturada en JSON. Completar con export WooCommerce."
"PENDIENTE-02-inyeclam-gasolina","PENDIENTE (02-inyeclam-gasolina)","SIN URL","Caravaning","⚠️ 02-INYECLAM-GASOLINA","","Sin URL capturada — verificar en WooCommerce","","","","","","","","","","?","⚠️ PENDIENTE URL","02-limpieza-caravanas/02-inyeclam-gasolina","Sí","Sí","Sí","0","Gratis","~€4","No","Carpeta existe en catálogo pero URL no capturada en JSON. Completar con export WooCommerce."
"PENDIENTE-05-manzalam-caravaning","PENDIENTE (05-manzalam-caravaning)","SIN URL","Caravaning","⚠️ 05-MANZALAM-CARAVANING","","Sin URL capturada — verificar en WooCommerce","","","","","","","","","","?","⚠️ PENDIENTE URL","02-limpieza-caravanas/05-manzalam-caravaning","Sí","Sí","Sí","0","Gratis","~€4","No","Carpeta existe en catálogo pero URL no capturada en JSON. Completar con export WooCommerce."
"PENDIENTE-14-gelcoatlam-fase-1","PENDIENTE (14-gelcoatlam-fase-1)","SIN URL","Caravaning","⚠️ 14-GELCOATLAM-FASE-1","","Sin URL capturada — verificar en WooCommerce","","","","","","","","","","?","⚠️ PENDIENTE URL","02-limpieza-caravanas/14-gelcoatlam-fase-1","Sí","Sí","Sí","0","Gratis","~€4","No","Carpeta existe en catálogo pero URL no capturada en JSON. Completar con export WooCommerce."
"PENDIENTE-15-gelcoatlam-fase-2","PENDIENTE (15-gelcoatlam-fase-2)","SIN URL","Caravaning","⚠️ 15-GELCOATLAM-FASE-2","","Sin URL capturada — verificar en WooCommerce","","","","","","","","","","?","⚠️ PENDIENTE URL","02-limpieza-caravanas/15-gelcoatlam-fase-2","Sí","Sí","Sí","2","Gratis","~€4","No","Carpeta existe en catálogo pero URL no capturada en JSON. Completar con export WooCommerce."
"PENDIENTE-01-inyeclam-diesel","PENDIENTE (01-inyeclam-diesel)","SIN URL","Industrial","⚠️ 01-INYECLAM-DIESEL","","Sin URL capturada — verificar en WooCommerce","","","","","","","","","","?","⚠️ PENDIENTE URL","03-industriales/01-inyeclam-diesel","Sí","Sí","Sí","5","Gratis","~€4","No","Carpeta existe en catálogo pero URL no capturada en JSON. Completar con export WooCommerce."
"PENDIENTE-02-inyeclam-gasolina","PENDIENTE (02-inyeclam-gasolina)","SIN URL","Industrial","⚠️ 02-INYECLAM-GASOLINA","","Sin URL capturada — verificar en WooCommerce","","","","","","","","","","?","⚠️ PENDIENTE URL","03-industriales/02-inyeclam-gasolina","Sí","Sí","Sí","4","Gratis","~€4","No","Carpeta existe en catálogo pero URL no capturada en JSON. Completar con export WooCommerce."
